Customer Id,Location,Product Type,Product Warranty(months),Extended Warranty Service,Gender,Year of Purchase,,price in dollars,Age,service done in warranty period,service done outside warranty period
15634602,AFR,Dell MS 116 Wired Optical Mouse,36,0,Female,2014,,1397,20,5,0
15574012,EUR,Dell MS 116 Wired Optical Mouse,12,24,Male,2015,,1218,30,5,1
15592531,SAR,Dell Dual Video USB 3.0 Docking Station - D1000,12,24,Male,2017,,1434,40,1,3
15656148,SEAR,Dell USB 3.0 Docking Station - D3100,12,12,Female,2018,,1659,23,3,0
15643966,WPR,Dell MS111,24,12,Male,2016,,1224,45,4,3
15555218,AFR,Dell PowerEdge T430 Tower Server,36,24,Male,2017,,1485,34,2,1
15568982,SAR,Dell MS111,24,24,Female,2014,,1685,56,3,2
15577657,WPR,Dell PowerEdge T430 Tower Server,36,24,Male,2015,,1360,23,2,3
15699309,SEAR,Dell PowerEdge T430 Tower Server,36,0,Female,2014,,1665,34,4,2
15725737,WPR,15 r inspiron ,36,24,Male,2015,,1700,23,4,2
15625047,AFR,Latitude 3440 ,12,0,Female,2017,,1435,26,2,0
15738191,AMR-N,Dell PowerEdge T430 Tower Server,36,36,Male,2016,,1719,57,4,2
15736816,AMR-S,15 r inspiron ,12,12,Male,2014,,1328,89,2,2
15700772,EMR,Dell PowerEdge T430 Tower Server,36,24,Male,2015,,1328,34,0,2
15728693,EMR-M,15 r inspiron ,12,0,Female,2017,,1307,56,5,0
15656300,EUR,Chromebook 13,12,0,Male,2018,,1515,35,5,0
15589475,SAR,15 r inspiron ,12,24,Female,2018,,1590,45,4,3
15706552,WPR,Dell PowerEdge T430 Tower Server,36,0,Male,2015,,1360,26,3,3
15750181,SAR,15 r inspiron ,12,12,Male,2014,,1475,25,1,0
15659428,SEAR,Dell PowerEdge T430 Tower Server,36,24,Female,2017,,1431,26,3,2
15788448,AMR-N,Inspiron 14 3421    ,12,12,Male,2017,,1282,23,1,1
15717426,EMR,Latitude 15 3000 series 3550  ,12,0,Male,2016,,1697,45,3,3
15585768,AMR-N,Latitude 3180,12,0,Male,2016,,1406,55,0,2
15619360,AMR-S,Latitude 3560  ,12,24,Male,2017,,1270,54,2,0
15738148,EMR,Latitude 5480,12,0,Female,2018,,1304,45,0,1
15687946,EMR-M,Latitude 5490,12,12,Female,2014,,1546,34,3,0
15684171,SAR,Latitude D520,12,0,Female,2015,,1506,67,0,0
15754849,WPR,Alienware 15,12,24,Female,2014,,1800,21,2,2
15768193,AMR-S,Opitplex 320,36,0,Male,2014,,1496,26,3,0
15683553,AFR,Optilex 750,36,36,Female,2015,,1800,35,2,3
15702298,AMR-N,Optiplex 210L,36,24,Male,2017,,1633,36,1,3
15569590,AMR-S,Optiplex 270,36,24,Male,2016,,1406,37,5,2
15760861,EMR,Optiplex 270,36,12,Male,2014,,1601,38,0,2
15630053,EMR-M,Optilex 750,36,24,Male,2015,,1406,34,3,0
15647091,EUR,Optiplex 210L,36,24,Male,2017,,1283,35,3,0
15623944,SAR,Dell Km117 Wireless Keyboard Mouse,36,24,Female,2018,,1509,36,5,2
15751208,EMR-M,Dell MS111,24,36,Male,2018,,1309,37,5,0
15789484,SAR,Vostro 1510,12,36,Female,2018,,1684,26,0,1
15696061,SEAR,Vostro 1510,12,48,Female,2014,,1538,27,5,2
15641582,WPR,Dell Km117 Wireless Keyboard Mouse,12,24,Male,2017,,1581,28,1,3
15638424,EMR-M,Dell PowerEdge T430 Tower Server,36,36,Female,2016,,1711,27,1,0
15812518,WPR,Xps 15,12,24,Female,2018,,1569,26,3,2
15770811,SEAR,Chromebook 14,12,24,Male,2015,,1211,28,1,1
15575185,AMR-N,Dell PowerEdge T30 Server,36,0,Male,2017,,1507,34,4,1
15803136,EMR,Dell Monitor?E2216HV),36,0,Female,2014,,1314,27,5,3
15706021,EMR-M,Dell PowerEdge R440 Rack Server,36,24,Female,2015,,1369,42,4,2
15663706,EUR,Vostro 1540 ,24,12,Female,2015,,1850,29,3,0
15588670,WPR,Alienware 15,12,24,Female,2014,,1850,30,2,2
15738751,SAR,Dell PowerEdge T30 Server,36,36,Female,2014,,1800,38,0,1
15805254,SEAR,Dell PowerEdge T30 Server,36,48,Female,2017,,1800,38,1,3
15762418,WPR,Alienware 17,12,36,Male,2018,,1750,20,2,3
15625759,AFR,Dell PowerEdge T30 Server,36,12,Male,2014,,1627,37,4,3
15622897,AMR-N,Dell PowerEdge T30 Server,36,24,Female,2018,,1406,27,1,1
15767954,AMR-S,Opitplex 320,36,0,Female,2014,,1424,26,5,2
15817777,SAR,Dell PowerEdge T30 Server,36,24,Male,2017,,1473,30,1,2
15757535,EMR,Dell PowerEdge T30 Server,36,24,Female,2016,,1635,31,3,1
15731511,AMR-N,Dell MS 116 Wired Optical Mouse,12,0,Male,2016,,1900,29,0,1
15809248,AMR-S,Dell Dual Video USB 3.0 Docking Station - D1000,12,24,Female,2016,,1700,31,5,3
15640635,EMR-M,Dell MS 116 Wired Optical Mouse,12,24,Male,2017,,1900,30,4,2
15676966,EUR,Dell KB216 Wired Multimedia USB Keyboard,12,0,Male,2015,,1400,31,3,2
15699461,SAR,Dell KB216 Wired Multimedia USB Keyboard,12,0,Male,2014,,1339,32,5,1
15738721,WPR,Dell MS 116 Wired Optical Mouse,36,12,Male,2015,,1800,34,2,3
15693683,SAR,Dell PowerEdge T30 Server,36,0,Male,2014,,1900,38,5,3
15604348,SEAR,Dell MS 116 Wired Optical Mouse,12,24,Male,2017,,2000,38,1,2
15633059,WPR,Dell Dual Video USB 3.0 Docking Station - D1000,12,24,Male,2018,,1583,40,3,1
15808582,AFR,Dell USB 3.0 Docking Station - D3100,12,12,Female,2014,,1990,55,1,2
15743192,AMR-N,Dell KB216 Wired Multimedia USB Keyboard,12,0,Female,2018,,1687,50,5,2
15580146,AMR-S,Dell PowerEdge T30 Server,36,0,Male,2015,,1800,39,0,0
15776605,AFR,Dell PowerEdge T30 Server,36,12,Male,2014,,1750,39,2,1
15602312,EUR,Dell MS111,24,12,Male,2015,,2000,28,3,1
15665790,EUR,Dell KB216 Wired Multimedia USB Keyboard,12,12,Male,2014,,1432,30,0,2
15715951,SAR,Dell MS111,24,24,Male,2016,,1900,31,2,0
15609618,SAR,Dell Km117 Wireless Keyboard Mouse,12,0,Male,2017,,1251,32,5,1
15675522,SEAR,Dell Km117 Wireless Keyboard Mouse,12,0,Female,2015,,1596,33,4,1
15705512,WPR,15 r inspiron ,36,24,Female,2014,,2200,34,4,2
15698028,AFR,Latitude 3440 ,12,0,Female,2015,,1267,29,3,2
15690673,AMR-S,Chromebook 13,12,0,Female,2018,,1394,29,0,1
15627360,SAR,Elitebook 1030,12,12,Male,2015,,1367,29,3,0
15671137,WPR,Elitebook 1040,12,24,Female,2017,,1338,30,4,0
15591607,WPR,Inspiron 14 3421    ,12,24,Male,2018,,1600,31,2,3
15718369,SAR,Latitude 15 3000 series 3550  ,12,0,Female,2014,,1592,32,0,1
15677871,SEAR,Latitude 3180,12,0,Male,2015,,1243,32,3,2
15642004,WPR,Latitude 3560  ,12,24,Male,2017,,1499,32,3,2
15712543,AFR,Latitude 5480,12,24,Male,2014,,1453,31,0,3
15584518,AMR-N,Latitude 5490,12,12,Female,2015,,1595,30,3,0
15610156,SEAR,Latitude D520,12,0,Male,2014,,1643,30,2,0
15594408,EUR,Alienware 15,12,0,Female,2015,,1800,26,1,3
15724944,SAR,Alienware 17,12,36,Male,2016,,1425,23,5,1
15612350,WPR,Opitplex 320,36,12,Female,2014,,1600,28,5,3
15800703,SAR,Optilex 750,36,36,Female,2015,,1495,27,4,1
15705707,SEAR,Optiplex 210L,36,24,Female,2017,,1508,20,3,0
15754105,WPR,Optiplex 270,36,12,Male,2016,,1412,33,0,2
15703264,AMR-S,Optiplex 270,36,36,Male,2014,,1612,34,0,3
15794413,SEAR,Optilex 750,36,24,Male,2015,,1329,35,0,1
15650237,EUR,Optiplex 210L,36,24,Female,2017,,1685,32,1,3
15759618,SAR,Dell Km117 Wireless Keyboard Mouse,36,24,Female,2018,,1670,22,4,0
15655007,SEAR,Dell MS111,24,36,Female,2018,,1214,26,1,3
15589975,AFR,Vostro 1510,12,36,Female,2015,,1372,29,0,2
15804017,AMR-N,Vostro 1510,12,36,Female,2015,,1267,20,4,3
15692132,AMR-N,Dell Km117 Wireless Keyboard Mouse,12,24,Female,2014,,1213,30,1,2
15641122,EMR,Dell PowerEdge T430 Tower Server,36,36,Male,2015,,1732,27,1,2
15630910,AMR-N,Dell Wireless Mouse WM126 ,12,12,Female,2014,,1517,20,1,1
15680772,AMR-S,Dell Wireless Mouse WM126 ,12,24,Female,2016,,1351,30,2,2
15658929,EMR,Dell Wireless Mouse WM126 ,12,24,Male,2016,,1561,40,3,0
15585388,EMR-M,Xps 15,12,24,Male,2017,,1376,23,4,2
15694366,EUR,Dell 22 Monitor - P2219H,36,0,Male,2014,,400,36,3,3
15670481,WPR,Dell 22 Monitor - P2219H,36,0,Female,2014,,360,43,0,1
15814035,SAR,Dell 22 Monitor - P2219H,36,24,Male,2014,,300,54,2,3
15587562,SEAR,Dell Wireless Mouse WM126 ,12,12,Female,2016,,1379,23,0,2
15613172,WPR,Dell Wireless Mouse WM126 ,12,0,Male,2014,,1351,34,4,1
15651022,AFR,Dell Wireless Mouse WM126 ,36,12,Male,2015,,1379,23,3,3
15726676,SAR,Dell PowerEdge R440 Rack Server,36,24,Male,2015,,1390,39,3,1
15625524,WPR,Vostro 1540 ,24,12,Male,2018,,1580,57,3,3
15645248,SEAR,Dell PowerEdge T430 Tower Server,36,36,Female,2014,,1229,89,5,2
15790355,WPR,Dell Wireless Mouse WM126 ,12,12,Male,2017,,1255,34,4,2
15762615,AFR,Dell Wireless Mouse WM126 ,12,24,Female,2018,,1429,56,3,2
15625426,AMR-N,Dell Wireless Mouse WM126 ,12,12,Female,2014,,1266,35,4,3
15716334,EMR,Xps 15,12,24,Female,2015,,1361,45,1,2
15719377,EMR-M,Dell 22 Monitor - P2219H,36,0,Female,2014,,300,54,5,3
15810845,AMR-S,Dell 22 Monitor - P2219H,36,24,Male,2016,,200,43,3,3
15741728,EMR-M,Dell 22 Monitor - P2219H,36,36,Female,2014,,300,36,3,0
15654506,EUR,Dell Wireless Mouse WM126 ,12,24,Male,2015,,1604,20,2,2
15771977,SAR,Dell Wireless Mouse WM126 ,12,0,Female,2017,,1666,33,3,3
15708710,WPR,Dell Monitor?E2216HV),36,0,Female,2018,,1285,34,4,3
15729362,SAR,Dell PowerEdge R440 Rack Server,36,0,Male,2015,,1390,36,4,2
15587421,SEAR,Vostro 1540 ,24,12,Female,2018,,2648,32,2,2
15701164,WPR,Alienware 15,12,24,Female,2015,,3050,27,0,3
15679200,WPR,Alienware 17,12,36,Male,2016,,2800,24,2,2
15777892,AMR-S,Opitplex 320,36,0,Male,2014,,2468,29,2,1
15811127,EUR,Dell MS 116 Wired Optical Mouse,12,0,Male,2017,,2659,20,1,0
15604482,SAR,Dell Dual Video USB 3.0 Docking Station - D1000,12,24,Male,2018,,2577,30,3,2
15622911,WPR,Dell MS 116 Wired Optical Mouse,12,24,Male,2015,,2708,27,0,0
15600974,SAR,Dell KB216 Wired Multimedia USB Keyboard,12,0,Male,2018,,2626,20,4,1
15727868,SEAR,Dell KB216 Wired Multimedia USB Keyboard,12,0,Female,2014,,2720,30,3,1
15679531,SEAR,Dell Dual Video USB 3.0 Docking Station - D1000,12,24,Male,2016,,2734,40,2,1
15684181,WPR,Dell USB 3.0 Docking Station - D3100,12,12,Male,2014,,2805,23,2,0
15612087,AMR-S,Dell KB216 Wired Multimedia USB Keyboard,12,0,Male,2015,,2632,45,3,2
15752047,SEAR,Dell Wireless Mouse WM126 ,12,0,Male,2016,,2423,34,4,0
15680920,WPR,Dell MS111,24,12,Male,2018,,2868,56,5,0
15774854,AFR,Dell KB216 Wired Multimedia USB Keyboard,12,12,Male,2015,,2694,34,0,0
15725311,AMR-N,Dell MS111,24,24,Female,2017,,2587,23,1,2
15727829,EMR,Dell Km117 Wireless Keyboard Mouse,12,0,Male,2015,,2488,26,1,3
15733247,AMR-N,Dell Km117 Wireless Keyboard Mouse,12,0,Male,2018,,2558,57,3,0
15568748,AMR-S,15 r inspiron ,36,24,Male,2014,,2415,89,5,0
15699029,EMR,Latitude 3440 ,12,0,Male,2015,,2687,34,1,0
15774393,EMR-M,Dell Wireless Mouse WM126 ,12,24,Female,2015,,2469,56,1,0
15637753,SAR,Dell PowerEdge T430 Tower Server,36,24,Male,2016,,2794,35,4,0
15808473,SAR,Chromebook 13,12,0,Male,2015,,2881,45,5,2
15627000,SEAR,Chromebook 14,12,24,Male,2016,,2820,26,2,2
15723886,AFR,Elitebook 1030,12,12,Male,2015,,2670,25,4,0
15704769,WPR,Elitebook 1040,12,24,Female,2014,,2828,26,2,3
15764866,EMR-M,Inspiron 14 3421    ,12,24,Female,2015,,2596,23,0,3
15795149,SAR,Latitude 15 3000 series 3550  ,12,0,Male,2014,,2670,45,1,1
15812009,SEAR,Latitude 3180,12,0,Male,2015,,2543,55,2,1
15651001,WPR,Latitude 3560  ,12,24,Female,2014,,2772,54,1,3
15813844,EMR-M,Latitude 5480,12,24,Male,2015,,2826,45,4,2
15596175,EUR,Latitude 5490,12,12,Male,2017,,2713,34,3,2
15817778,SAR,Dell PowerEdge T30 Server,36,0,Female,2018,,2635,37,3,3
15797219,SEAR,Latitude D520,12,0,Female,2018,,2492,32,2,0
15771086,WPR,Alienware 15,12,24,Female,2015,,3050,22,0,0
15772423,AFR,Alienware 17,12,36,Male,2015,,2700,27,0,1
15628112,AMR-N,Dell Wireless Mouse WM126 ,12,12,Female,2018,,2536,36,3,3
15753754,SEAR,Dell PowerEdge R440 Rack Server,36,24,Female,2014,,1390,26,5,3
15793726,WPR,Opitplex 320,36,12,Female,2015,,2880,38,1,0
15694717,EMR-M,Optilex 750,36,36,Male,2018,,2833,34,4,2
15665834,EUR,Optiplex 210L,36,24,Male,2015,,2736,35,0,1
15765297,SAR,Optiplex 270,36,12,Male,2014,,2736,36,5,3
15636684,SEAR,Optiplex 270,36,36,Male,2017,,2859,37,3,1
15574692,WPR,Dell 22 Monitor - P2219H,36,24,Female,2015,,1525,48,4,0
15750803,SEAR,Dell 22 Monitor - P2219H,36,12,Female,2014,,1480,59,5,3
15713853,AFR,Dell Wireless Mouse WM126 ,12,0,Male,2016,,2870,28,2,3
15673481,AMR-N,Dell Monitor?E2216HV),36,12,Female,2016,,2555,27,2,3
15745324,SAR,Dell PowerEdge R440 Rack Server,36,24,Female,2015,,1390,32,2,1
15673693,SEAR,Vostro 1540 ,24,12,Female,2017,,2712,28,2,2
15700696,WPR,Dell Wireless Mouse WM126 ,12,24,Male,2018,,2795,26,5,2
15813163,AFR,Dell PowerEdge T430 Tower Server,36,36,Female,2014,,2563,27,1,3
15777076,AMR-S,Dell Wireless Mouse WM126 ,12,24,Male,2015,,2582,28,3,2
15717398,EMR,Dell Wireless Mouse WM126 ,12,12,Female,2014,,2479,29,3,3
15799217,EMR-M,Xps 15,12,24,Female,2015,,2636,21,2,2
15623828,EUR,Dell 22 Monitor - P2219H,36,0,Male,2014,,1600,40,1,2
15619955,SAR,Chromebook 14,12,24,Male,2014,,2412,23,0,3
15796505,SEAR,Dell 22 Monitor - P2219H,36,24,Female,2015,,1470,45,3,0
15725166,WPR,Dell 22 Monitor - P2219H,36,0,Male,2015,,1525,55,2,1
15758685,EUR,Dell Wireless Mouse WM126 ,12,0,Female,2015,,2414,25,5,0
15694456,SAR,Dell Monitor?E2216HV),36,0,Male,2017,,2440,26,3,3
15627305,SEAR,Dell PowerEdge R440 Rack Server,36,24,Male,2014,,1390,41,2,3
15683562,WPR,Vostro 1540 ,24,12,Male,2014,,2481,28,1,2
15718779,EMR,Alienware 15,12,36,Male,2014,,2500,22,0,2
15669169,SAR,Dell Wireless Mouse WM126 ,12,36,Male,2018,,2811,31,0,3
15699389,EMR-M,Alienware 17,12,36,Male,2015,,2750,30,2,3
15573112,WPR,Opitplex 320,36,0,Male,2018,,2580,31,5,2
15790678,SEAR,Dell Wireless Mouse WM126 ,,,Female,2014,,2658,32,1,1
15727556,SEAR,Dell MS 116 Wired Optical Mouse,12,0,Female,2018,,2489,34,0,0
15697307,WPR,Dell Dual Video USB 3.0 Docking Station - D1000,12,24,Male,2014,,2733,35,4,0
15652266,AFR,Dell MS 116 Wired Optical Mouse,12,24,Male,2017,,2870,38,4,2
15607098,AMR-N,Dell KB216 Wired Multimedia USB Keyboard,12,0,Female,2016,,2421,40,2,1
15817779,SAR,Dell PowerEdge T30 Server,36,12,Male,2016,,2715,30,5,3
15655774,AMR-S,Dell KB216 Wired Multimedia USB Keyboard,12,0,Male,2016,,2473,50,3,2
15590241,AFR,Dell MS 116 Wired Optical Mouse,36,12,Female,2017,,2828,45,5,2
15723654,AMR-S,Dell MS 116 Wired Optical Mouse,12,24,Male,2014,,2724,59,3,3
15774510,EMR,Dell Dual Video USB 3.0 Docking Station - D1000,12,24,Female,2015,,2706,28,2,2
15684173,EMR-M,Dell USB 3.0 Docking Station - D3100,12,12,Female,2015,,2745,30,4,2
15650068,EUR,Dell KB216 Wired Multimedia USB Keyboard,12,0,Male,2014,,2808,31,2,0
15636673,SAR,Dell MS111,24,12,Male,2015,,2605,32,3,1
15773972,SEAR,Dell KB216 Wired Multimedia USB Keyboard,12,0,Male,2018,,2615,33,2,0
15746726,EMR,Dell MS111,24,24,Male,2014,,2718,25,5,3
15702919,AMR-S,Dell Km117 Wireless Keyboard Mouse,12,0,Male,2014,,2580,27,4,0
15674398,EMR-M,Dell Km117 Wireless Keyboard Mouse,12,0,Male,2017,,2553,20,5,3
15797960,EUR,15 r inspiron ,36,24,Female,2016,,2832,33,5,1
15631868,SAR,Latitude 3440 ,12,0,Male,2016,,2699,34,1,2
15626114,WPR,Chromebook 13,12,0,Male,2015,,2463,35,1,1
15810834,SEAR,Chromebook 14,12,24,Female,2014,,2807,32,3,1
15694408,EMR,Elitebook 1030,12,12,Male,2018,,2793,22,4,3
15585215,EMR,Elitebook 1040,12,24,Female,2014,,2808,26,5,3
15601848,SAR,Inspiron 14 3421    ,12,12,Male,2014,,2612,29,4,2
15669064,SAR,Latitude 15 3000 series 3550  ,12,0,Male,2017,,2845,20,3,1
15624528,SEAR,Latitude 3180,12,0,Male,2014,,2462,30,2,3
15598493,WPR,Latitude 3560  ,12,24,Male,2015,,2435,27,0,2
15601274,AFR,Latitude 5480,12,0,Female,2015,,2592,20,0,0
15702669,AMR-N,Latitude 5490,12,12,Male,2014,,2804,30,4,1
15742668,AFR,Latitude D520,12,0,Female,2014,,2723,40,4,2
15697441,AMR-N,Alienware 15,12,24,Male,2016,,2600,22,4,0
15636624,EMR-M,Alienware 17,12,36,Female,2015,,2750,22,3,1
15786170,SAR,Opitplex 320,36,0,Male,2014,,2449,34,5,1
15681081,SEAR,Optilex 750,36,36,Female,2017,,2645,56,1,1
15684484,WPR,Optiplex 210L,36,24,Male,2018,,2824,34,4,1
15785869,EMR-M,Optiplex 270,36,24,Female,2014,,2518,23,3,3
15763859,EUR,Optiplex 270,36,12,Female,2018,,2459,26,3,2
15658935,SAR,Optilex 750,36,24,Female,2015,,2900,57,0,1
15747358,SEAR,Optiplex 210L,36,24,Male,2014,,2628,89,4,1
15735203,WPR,Dell Km117 Wireless Keyboard Mouse,36,24,Female,2015,,2615,34,4,2
15812007,EMR-M,Dell MS111,24,36,Male,2015,,2521,56,2,0
15739438,SAR,Vostro 1510,12,36,Male,2015,,2569,35,0,3
15611759,WPR,Vostro 1510,12,48,Female,2017,,2484,45,5,0
15661629,SAR,Dell Km117 Wireless Keyboard Mouse,12,24,Male,2014,,2767,26,2,1
15633950,SEAR,Dell PowerEdge T430 Tower Server,36,36,Male,2015,,2470,25,1,2
15706365,AMR-N,Xps 15,12,24,Female,2014,,2830,26,0,3
15745088,AMR-S,Dell 22 Monitor - P2219H,36,0,Female,2016,,1400,53,4,1
15724623,EUR,Dell 22 Monitor - P2219H,36,0,Female,2015,,1500,36,3,3
15633537,EUR,Dell 22 Monitor - P2219H,36,0,Female,2015,,1500,36,1,3
15583303,WPR,Dell Monitor?E2216HV),36,0,Female,2017,,2486,54,4,0
15611579,AMR-N,Dell PowerEdge R440 Rack Server,36,24,Male,2016,,1390,39,4,2
15774696,EMR,Vostro 1540 ,24,12,Female,2014,,2899,34,3,0
15688074,AMR-S,Alienware 15,12,24,Male,2017,,3150,25,3,0
15827771,EUR,Dell PowerEdge T30 Server,36,0,Female,2018,,2647,31,0,1
15583456,SAR,Alienware 17,12,36,Male,2014,,2600,23,3,2
15629677,SEAR,Opitplex 320,36,0,Female,2014,,2766,35,0,0
15591509,SEAR,Dell MS 116 Wired Optical Mouse,12,0,Male,2015,,2711,36,2,3
15568240,EMR,Dell Dual Video USB 3.0 Docking Station - D1000,12,24,Female,2014,,2731,37,4,1
15622993,AMR-N,Dell MS 116 Wired Optical Mouse,12,24,Male,2015,,2529,38,1,3
15689294,AMR-S,Dell KB216 Wired Multimedia USB Keyboard,12,0,Male,2014,,2666,34,0,1
15720910,EMR-M,Dell KB216 Wired Multimedia USB Keyboard,12,0,Female,2016,,2686,35,3,0
15717225,SAR,Dell Dual Video USB 3.0 Docking Station - D1000,12,24,Female,2014,,2661,36,0,0
15685226,SEAR,Dell USB 3.0 Docking Station - D3100,12,12,Female,2015,,2838,37,2,1
15785611,AMR-N,Dell MS 116 Wired Optical Mouse,12,24,Male,2017,,2454,26,0,0
15573456,AMR-N,Dell KB216 Wired Multimedia USB Keyboard,12,0,Male,2016,,2600,27,3,2
15684548,AMR-N,Dell KB216 Wired Multimedia USB Keyboard,12,0,Male,2014,,2852,28,0,1
15620505,AMR-N,Dell MS 116 Wired Optical Mouse,36,12,Female,2015,,2715,27,5,0
15584766,EMR-M,Dell MS 116 Wired Optical Mouse,12,24,Male,2018,,2685,26,2,3
15612187,EUR,Dell Dual Video USB 3.0 Docking Station - D1000,12,24,Male,2015,,2780,37,1,0
15762218,EUR,Dell USB 3.0 Docking Station - D3100,12,12,Female,2014,,2633,38,2,0
15646372,SAR,Dell KB216 Wired Multimedia USB Keyboard,12,0,Female,2017,,2438,34,0,2
15578045,SEAR,Dell MS111,24,24,Female,2014,,2823,35,3,2
15691625,AMR-N,Dell KB216 Wired Multimedia USB Keyboard,12,24,Female,2018,,2405,36,4,0
15566594,AMR-N,Dell MS111,24,24,Male,2015,,2682,37,5,0
15686302,AMR-S,Dell Km117 Wireless Keyboard Mouse,12,0,Female,2014,,2753,26,1,3
15801559,EMR-M,Dell Km117 Wireless Keyboard Mouse,12,0,Female,2015,,2498,27,0,2
15810432,EUR,15 r inspiron ,36,24,Male,2015,,2888,28,3,1
15809616,EUR,Dell Dual Video USB 3.0 Docking Station - D1000,12,12,Male,2014,,2727,27,1,0
15720559,SAR,Dell USB 3.0 Docking Station - D3100,12,0,Female,2016,,2795,26,2,1
15695632,SEAR,Dell KB216 Wired Multimedia USB Keyboard,12,12,Female,2014,,2542,28,2,3
15566111,WPR,Dell MS111,24,12,Male,2018,,2551,26,4,0
15806964,SAR,Dell KB216 Wired Multimedia USB Keyboard,12,0,Male,2015,,2696,27,3,3
15576313,SAR,Dell MS111,24,24,Female,2014,,2806,28,3,2
15597602,EMR-M,Dell Km117 Wireless Keyboard Mouse,12,0,Male,2014,,2809,29,1,2
15743040,EUR,Dell Km117 Wireless Keyboard Mouse,12,0,Male,2015,,2495,21,0,0
15705521,EUR,15 r inspiron ,36,48,Female,2016,,2787,22,5,2
15595039,SAR,Latitude 3440 ,12,48,Female,2014,,2646,23,1,3
15783501,AFR,Chromebook 13,12,0,Female,2018,,2406,24,5,1
15611088,SAR,Elitebook 1030,12,12,Female,2015,,2784,22,2,2
15672145,EUR,Elitebook 1040,12,36,Female,2017,,2527,25,1,1
15803406,EUR,Inspiron 14 3421    ,12,12,Female,2018,,2795,26,1,0
15644572,WPR,Latitude 15 3000 series 3550  ,12,36,Male,2015,,2802,27,4,2
15694860,SAR,Latitude 3180,12,0,Female,2015,,2500,28,3,3
15658169,SEAR,Latitude 3560  ,12,24,Female,2014,,2515,29,3,2
15794396,WPR,Latitude 5480,12,0,Female,2016,,2790,31,0,3
15785798,AFR,Latitude 5490,12,36,Male,2014,,2621,30,4,0
15668444,SAR,Latitude D520,12,0,Female,2014,,2638,31,4,0
15726631,SAR,Alienware 15,12,24,Female,2015,,3050,21,2,3
15634632,EUR,Alienware 17,12,36,Male,2015,,2725,29,2,3
15732778,WPR,Opitplex 320,36,0,Male,2017,,2783,35,3,1
15718443,SAR,Optilex 750,36,36,Male,2018,,2488,38,0,1
15670039,SEAR,Optiplex 210L,36,24,Female,2015,,2457,40,5,1
15837771,EMR-M,Dell PowerEdge T30 Server,36,0,Female,2018,,2742,32,3,3
15773792,WPR,Optiplex 270,36,24,Female,2014,,2537,50,3,2
15613786,AFR,Optiplex 270,36,12,Male,2015,,2578,45,0,2
15726032,SAR,Optilex 750,36,24,Male,2018,,2711,59,0,3
15663252,SAR,Optiplex 210L,36,24,Female,2015,,2653,28,1,1
15593782,SAR,Dell Km117 Wireless Keyboard Mouse,36,24,Female,2014,,2656,30,1,2
15635367,SAR,Dell MS111,24,36,Male,2016,,2453,31,3,3
15603156,WPR,Vostro 1510,12,36,Female,2016,,2819,32,5,3
15591986,AFR,Vostro 1510,12,48,Male,2017,,2639,33,2,3
15798888,WPR,Dell Km117 Wireless Keyboard Mouse,12,24,Female,2018,,2617,34,4,3
15809722,AMR-S,Dell PowerEdge T430 Tower Server,36,36,Female,2014,,2578,29,0,2
15744398,SAR,Xps 15,12,24,Female,2015,,2577,29,0,0
15750776,SEAR,Dell 22 Monitor - P2219H,36,36,Female,2015,,1470,42,2,3
15578186,WPR,Chromebook 14,12,24,Male,2014,,2473,30,5,2
15789669,EMR-M,Dell 22 Monitor - P2219H,36,0,Male,2015,,1475,52,3,0
15637954,EUR,Dell 22 Monitor - P2219H,36,0,Female,2015,,1500,48,5,2
15731744,WPR,Dell Monitor?E2216HV),36,0,Male,2017,,2488,32,0,3
15813917,SEAR,Dell PowerEdge R440 Rack Server,36,24,Male,2014,,1390,32,4,1
15714689,WPR,Vostro 1540 ,24,12,Male,2014,,2518,31,4,2
15624170,AMR-N,Alienware 15,12,24,Female,2017,,2650,21,0,1
15804256,EMR-M,Alienware 17,12,36,Male,2015,,2750,30,4,0
15591995,SEAR,Opitplex 320,36,0,Male,2018,,2444,31,1,1
15727688,EUR,Dell MS 116 Wired Optical Mouse,12,0,Male,2018,,2528,29,4,3
15715941,SAR,Dell Dual Video USB 3.0 Docking Station - D1000,12,24,Male,2014,,2826,28,2,0
15714485,WPR,Dell MS 116 Wired Optical Mouse,12,24,Male,2017,,2695,27,4,0
15730059,SAR,Dell KB216 Wired Multimedia USB Keyboard,12,0,Male,2016,,2646,20,0,1
15715527,SEAR,Dell KB216 Wired Multimedia USB Keyboard,12,0,Female,2016,,2497,33,3,0
15576623,WPR,Dell MS 116 Wired Optical Mouse,36,0,Male,2016,,2778,34,5,1
15677307,AMR-N,Dell MS 116 Wired Optical Mouse,12,24,Female,2018,,2889,35,3,2
15773890,AMR-N,Dell Dual Video USB 3.0 Docking Station - D1000,12,24,Male,2014,,2698,32,1,2
15598883,EMR,Dell USB 3.0 Docking Station - D3100,12,12,Female,2015,,2849,22,4,3
15568506,AMR-N,Dell KB216 Wired Multimedia USB Keyboard,12,0,Female,2015,,2522,26,4,3
15593601,EMR-M,Latitude 3440 ,12,48,Male,2017,,2722,29,0,2
15682048,EUR,Dell Premier KM717 Wireless Keyboard and Mouse,12,36,Female,2014,,2610,20,0,2
15746902,SAR,Dell Premier KM717 Wireless Keyboard and Mouse,12,12,Male,2015,,2626,30,1,1
15752081,WPR,Dell Premier KM717 Wireless Keyboard and Mouse,12,24,Female,2015,,2450,27,2,2
15781307,SAR,Dell Premier KM717 Wireless Keyboard and Mouse,12,0,Male,2014,,2548,20,3,2
15775912,SEAR,Chromebook 13,12,0,Male,2015,,2750,30,5,1
15745417,WPR,Chromebook 14,12,24,Male,2014,,2755,40,0,0
15671256,AFR,Dell Premier KM717 Wireless Keyboard and Mouse,12,0,Female,2017,,2446,23,2,1
15653547,AMR-N,Elitebook 1030,12,12,Male,2018,,2832,45,5,0
15595766,AMR-S,Elitebook 1040,12,36,Male,2014,,2545,34,5,1
15742358,AFR,Dell Premier KM717 Wireless Keyboard and Mouse,12,12,Male,2018,,2701,56,4,2
15763274,AMR-N,Dell Premier KM717 Wireless Keyboard and Mouse,12,36,Male,2014,,2452,23,1,2
15786063,AMR-S,Inspiron 14 3421    ,12,12,Female,2017,,2419,34,0,1
15600258,EMR,Dell Premier KM717 Wireless Keyboard and Mouse,12,48,Male,2016,,2692,23,3,3
15573318,EMR-M,Latitude 15 3000 series 3550  ,12,36,Male,2016,,2759,26,2,3
15653849,EUR,Latitude 3180,12,0,Female,2016,,2519,57,3,0
15694272,SAR,Latitude 3560  ,12,24,Male,2017,,2679,89,2,1
15736112,SEAR,Latitude 5480,12,0,Female,2015,,2834,34,5,3
15749851,WPR,Latitude 5490,12,36,Female,2014,,2523,56,4,0
15663478,AMR-S,Dell Premier KM717 Wireless Keyboard and Mouse,12,48,Male,2015,,2708,35,2,3
15592300,EMR,Latitude D520,12,0,Male,2014,,2671,45,5,2
15567832,EMR-M,Alienware 15,12,24,Female,2017,,3100,26,3,2
15776780,EUR,Dell Premier KM717 Wireless Keyboard and Mouse,12,36,Male,2018,,2484,45,4,3
15592846,SAR,Dell Premier KM717 Wireless Keyboard and Mouse,12,48,Male,2014,,2676,46,2,1
15739803,SEAR,Alienware 17,12,36,Male,2018,,2950,25,2,1
15794142,WPR,Dell Premier KM717 Wireless Keyboard and Mouse,12,12,Female,2015,,2795,37,3,3
15762729,EMR-M,Dell KB216 Wired Multimedia USB Keyboard,12,0,Female,2014,,2643,38,3,1
15667896,EUR,Dell KB216 Wired Multimedia USB Keyboard,12,0,Male,2015,,2783,36,0,1
15802593,SAR,Dell Dual Video USB 3.0 Docking Station - D1000,12,24,Female,2015,,2570,35,4,2
15615457,SEAR,Dell USB 3.0 Docking Station - D3100,12,12,Female,2014,,2883,39,1,0
15708916,WPR,Dell KB216 Wired Multimedia USB Keyboard,12,0,Male,2015,,2623,40,5,1
15720187,AFR,Dell Premier KM717 Wireless Keyboard and Mouse,12,36,Female,2014,,2854,47,1,1
15600651,AMR-S,Latitude 3440 ,12,48,Male,2016,,2413,50,4,1
15750141,EMR,Dell Premier KM717 Wireless Keyboard and Mouse,12,36,Female,2017,,2511,51,0,1
15657284,EMR-M,Dell Premier KM717 Wireless Keyboard and Mouse,12,12,Male,2015,,2606,52,3,1
15763063,EUR,Dell Premier KM717 Wireless Keyboard and Mouse,12,24,Female,2014,,2447,53,0,1
15709324,SAR,Dell Premier KM717 Wireless Keyboard and Mouse,12,0,Male,2015,,2401,29,3,0
15711309,WPR,Chromebook 13,12,0,Male,2014,,2645,31,5,2
15775318,SAR,Chromebook 14,12,24,Female,2015,,2664,30,2,3
15634844,WPR,Elitebook 1030,12,12,Male,2015,,2674,31,5,1
15717046,AFR,Elitebook 1040,12,36,Male,2017,,2833,32,2,2
15800440,EMR,Inspiron 14 3421    ,12,12,Male,2015,,2426,34,5,1
15665956,AMR-S,Latitude 15 3000 series 3550  ,12,36,Female,2015,,2739,35,4,1
15788126,EMR-M,Latitude 3180,12,0,Female,2014,,2420,38,1,3
15811773,EUR,Latitude 3560  ,12,24,Male,2016,,2863,40,1,3
15651674,SAR,Latitude 5480,12,0,Female,2016,,2759,55,4,2
15689614,WPR,Latitude 5490,12,36,Female,2017,,2605,50,0,0
15795564,SAR,Latitude 3180,12,0,Male,2015,,2796,45,5,2
15706647,SEAR,Latitude 3560  ,12,24,Male,2014,,2520,59,4,1
15728505,WPR,Latitude 5480,12,0,Male,2015,,2530,28,1,2
15730076,AFR,Latitude 5490,12,36,Male,2014,,2678,30,0,0
15622003,AMR-N,Dell Premier KM717 Wireless Keyboard and Mouse,12,48,Male,2017,,2724,31,5,1
15607312,AMR-S,Latitude D520,12,0,Female,2018,,2878,32,5,0
15644753,AFR,Alienware 15,12,24,Male,2014,,2950,26,5,0
15653620,AMR-N,Dell Premier KM717 Wireless Keyboard and Mouse,12,36,Female,2018,,2842,34,4,2
15761986,AMR-S,Dell Premier KM717 Wireless Keyboard and Mouse,12,48,Female,2015,,2864,29,4,2
15633922,EMR,Alienware 17,12,36,Male,2014,,2625,30,1,1
15837772,EMR-M,Dell PowerEdge T30 Server,36,36,Female,2015,,2546,28,1,3
15734674,EMR-M,Dell Premier KM717 Wireless Keyboard and Mouse,12,12,Female,2017,,2622,30,0,3
15658032,EUR,Dell KB216 Wired Multimedia USB Keyboard,12,0,Male,2014,,2742,31,0,0
15692671,AMR-S,Dell KB216 Wired Multimedia USB Keyboard,12,0,Male,2014,,2726,32,0,2
15737741,EMR-M,Dell MS 116 Wired Optical Mouse,36,0,Female,2018,,2606,32,0,2
15576352,EUR,Dell Premier KM717 Wireless Keyboard and Mouse,12,36,Female,2015,,2823,32,3,3
15753719,SAR,Dell MS 116 Wired Optical Mouse,12,24,Female,2014,,2565,31,0,1
15803689,WPR,Dell Dual Video USB 3.0 Docking Station - D1000,12,24,Female,2015,,2421,30,0,2
15718057,SAR,Dell USB 3.0 Docking Station - D3100,12,12,Female,2017,,2731,30,3,0
15722010,SEAR,Dell KB216 Wired Multimedia USB Keyboard,12,0,Male,2014,,2823,31,0,2
15680998,WPR,Dell Premier KM717 Wireless Keyboard and Mouse,12,36,Male,2015,,2828,29,0,3
15614782,AFR,Latitude 3180,12,0,Male,2015,,2582,28,2,0
15591047,AMR-N,Latitude 3560  ,12,24,Female,2014,,2819,27,3,0
15788291,EMR,Latitude 5480,12,24,Female,2015,,2743,20,0,1
15604044,EMR-M,Latitude 5490,12,12,Male,2014,,2607,33,2,1
15775153,AMR-S,Latitude D520,12,0,Male,2016,,2448,34,1,3
15603925,EMR-M,Alienware 15,12,0,Female,2017,,3100,30,5,2
15697183,SAR,Dell Premier KM717 Wireless Keyboard and Mouse,12,0,Male,2016,,2715,32,2,1
15567446,WPR,Alienware 17,12,36,Male,2015,,2775,20,2,2
15683503,WPR,Opitplex 320,36,48,Female,2014,,2534,26,5,3
15645569,WPR,Optilex 750,36,36,Female,2014,,2500,29,2,3
15782569,SAR,Optiplex 210L,36,0,Female,2014,,2655,20,2,2
15592387,EMR-M,Optiplex 270,36,36,Male,2014,,2890,30,3,2
15609286,EUR,Optiplex 270,36,0,Male,2015,,2402,27,5,0
15609510,SAR,Dell 22 Monitor - P2219H,36,0,Male,2015,,1475,55,0,3
15750658,SEAR,Dell 22 Monitor - P2219H,36,0,Male,2017,,1460,38,4,3
15586585,WPR,Dell Monitor?E2216HV),36,24,Female,2016,,2562,40,2,3
15640865,WPR,Dell PowerEdge R440 Rack Server,36,36,Female,2015,,1390,34,0,2
15603203,AMR-N,Vostro 1540 ,24,36,Female,2016,,2597,45,4,3
15660271,EMR-M,Dell MS111,24,36,Male,2018,,2736,34,2,2
15719352,SAR,Vostro 1510,12,36,Male,2018,,2740,56,0,1
15766575,SEAR,Vostro 1510,12,48,Female,2016,,2419,23,3,2
15594594,WPR,Dell Km117 Wireless Keyboard Mouse,12,24,Male,2014,,2629,34,1,2
15646161,EUR,Dell PowerEdge T430 Tower Server,36,36,Female,2015,,2628,23,2,2
15773456,SEAR,Xps 15,12,24,Male,2017,,2455,26,1,2
15658532,WPR,Dell 22 Monitor - P2219H,36,24,Female,2015,,1525,38,3,3
15604119,AFR,Chromebook 14,12,24,Male,2017,,2803,89,1,1
15626900,AMR-N,Dell 22 Monitor - P2219H,36,24,Male,2018,,1325,58,3,3
15605447,AMR-N,Dell 22 Monitor - P2219H,36,0,Male,2018,,1325,47,2,2
15712403,AMR-S,Dell Monitor?E2216HV),36,0,Female,2015,,2422,35,0,2
15657386,EMR,Dell PowerEdge R440 Rack Server,36,12,Female,2015,,1390,26,0,1
15718673,EMR-M,Vostro 1540 ,24,12,Female,2018,,2461,26,4,1
15738181,SAR,Alienware 15,12,24,Male,2014,,3000,26,5,3
15837773,EMR,Dell PowerEdge T30 Server,36,12,Female,2015,,2882,28,2,3
15583725,AMR-S,Alienware 17,12,36,Male,2018,,2950,25,5,3
15784844,EUR,Opitplex 320,36,0,Male,2016,,2833,53,5,3
15809663,SEAR,Dell MS 116 Wired Optical Mouse,12,0,Female,2016,,2488,29,3,3
15640078,WPR,Dell Dual Video USB 3.0 Docking Station - D1000,12,24,Female,2014,,2880,31,4,1
15698786,EMR-M,Dell MS 116 Wired Optical Mouse,12,24,Female,2015,,2403,30,2,1
15569807,EUR,Dell KB216 Wired Multimedia USB Keyboard,12,0,Female,2014,,2565,31,5,0
15730830,SAR,Dell KB216 Wired Multimedia USB Keyboard,12,0,Female,2016,,2780,32,2,3
15730447,SEAR,Dell Dual Video USB 3.0 Docking Station - D1000,12,24,Female,2018,,2883,34,2,2
15813850,WPR,Dell USB 3.0 Docking Station - D3100,12,12,Male,2015,,2725,35,1,0
15711889,AFR,Dell KB216 Wired Multimedia USB Keyboard,12,0,Male,2014,,2788,38,1,1
15692926,EMR,Latitude 3440 ,12,48,Male,2014,,2876,40,0,0
15837775,WPR,Dell PowerEdge T30 Server,36,24,Male,2015,,2626,27,1,1
15592937,SAR,Chromebook 13,12,0,Female,2018,,2660,50,4,3
15699637,SEAR,Chromebook 14,12,24,Male,2015,,2446,45,3,1
15788659,AFR,Elitebook 1030,12,12,Male,2015,,2654,59,3,3
15763218,AMR-N,Elitebook 1040,12,36,Female,2017,,2537,28,1,0
15575024,AMR-N,Inspiron 14 3421    ,12,12,Male,2018,,2855,30,0,1
15662397,EMR-M,Latitude 15 3000 series 3550  ,12,36,Female,2014,,2804,31,2,2
15576368,EUR,Latitude 3180,12,0,Female,2015,,2899,32,1,3
15674991,SAR,Latitude 3560  ,12,24,Male,2017,,2593,33,4,1
15721024,WPR,Latitude 5480,12,0,Male,2014,,2434,34,4,2
15745621,SAR,Latitude 5490,12,36,Female,2015,,2800,29,0,1
15754605,WPR,Latitude D520,12,0,Female,2014,,2470,29,0,3
15607040,AFR,Alienware 15,12,24,Female,2015,,3000,29,2,3
15668886,AFR,Alienware 17,12,36,Female,2016,,2635,25,4,1
15613880,AMR-S,Dell KB216 Wired Multimedia USB Keyboard,12,0,Male,2018,,2730,31,3,1
15775238,EMR,Dell KB216 Wired Multimedia USB Keyboard,12,0,Female,2016,,2836,32,3,3
15801277,EMR-M,Dell Dual Video USB 3.0 Docking Station - D1000,12,24,Female,2014,,2663,32,4,2
15579334,EUR,Dell USB 3.0 Docking Station - D3100,12,12,Female,2014,,2708,32,5,3
15802741,SAR,Dell KB216 Wired Multimedia USB Keyboard,12,0,Female,2014,,2849,31,0,2
15688251,SEAR,Latitude 3440 ,12,48,Male,2014,,2458,30,3,1
15727299,EMR-M,Chromebook 13,12,0,Male,2016,,2405,30,1,1
15620204,EUR,Optilex 750,36,36,Female,2016,,2803,31,1,1
15669516,AMR-S,Optiplex 210L,36,0,Male,2017,,2564,29,5,0
15736534,EMR-M,Optiplex 270,36,36,Male,2014,,2832,28,4,3
15803457,EUR,Optiplex 270,36,0,Female,2018,,2560,27,2,0
15580148,WPR,Dell Monitor?E2216HV),36,24,Male,2015,,2885,20,4,2
15686611,WPR,Dell PowerEdge R440 Rack Server,36,0,Male,2016,,1390,28,3,2
15773809,SAR,Vostro 1540 ,24,36,Male,2018,,2588,34,3,1
15722548,AFR,Dell MS111,24,36,Male,2018,,2467,35,0,1
15629448,AMR-S,Vostro 1510,12,36,Male,2018,,2710,32,4,3
15716164,SEAR,Vostro 1510,12,48,Female,2018,,2584,22,2,3
15807609,EUR,Dell Km117 Wireless Keyboard Mouse,12,24,Female,2018,,2529,26,4,1
15578977,SAR,Dell PowerEdge T430 Tower Server,36,36,Male,2018,,2869,29,5,1
15653780,WPR,Xps 15,12,24,Female,2017,,2812,20,4,0
15578761,SAR,Dell Dual Video USB 3.0 Docking Station - D1000,12,12,Female,2017,,2897,30,2,0
15736879,SEAR,Dell USB 3.0 Docking Station - D3100,12,0,Male,2018,,2786,27,5,2
15571973,WPR,Dell KB216 Wired Multimedia USB Keyboard,12,12,Female,2017,,2584,20,5,1
15744607,WPR,Dell KB216 Wired Multimedia USB Keyboard,12,0,Male,2015,,2530,30,4,1
15612966,AFR,Dell MS111,24,24,Female,2016,,2862,40,0,2
15794278,AMR-N,Dell Km117 Wireless Keyboard Mouse,12,0,Male,2018,,2775,23,1,1
15766741,EMR,Dell Km117 Wireless Keyboard Mouse,12,0,Male,2018,,2540,45,5,2
15661036,AMR-N,15 r inspiron ,36,48,Male,2017,,2709,34,3,1
15705639,AMR-S,Latitude 3440 ,12,48,Female,2016,,2869,56,5,1
15837774,AFR,Dell PowerEdge T30 Server,36,12,Male,2014,,2493,25,2,1
15670755,WPR,Chromebook 13,12,0,Male,2016,,2806,34,4,2
15587535,WPR,Elitebook 1030,12,12,Female,2017,,2599,23,5,0
15813034,AFR,Elitebook 1040,12,36,Male,2018,,2778,26,5,3
15634245,SAR,Inspiron 14 3421    ,12,12,Female,2016,,2602,57,4,3
15661526,WPR,Latitude 15 3000 series 3550  ,12,36,Male,2014,,2423,89,2,2
15685997,AFR,Latitude 3180,12,0,Female,2015,,2503,34,5,3
15660101,AMR-N,Latitude 3560  ,12,24,Male,2017,,2730,56,0,1
15637979,EMR,Latitude 5480,12,0,Female,2016,,2737,23,0,0
15815364,EMR-M,Latitude 5490,12,36,Female,2018,,2496,34,3,0
15625944,AMR-S,Latitude D520,12,0,Male,2018,,2473,23,4,2
15583212,EMR-M,Alienware 15,12,24,Female,2015,,3000,21,3,1
15622750,WPR,Alienware 17,12,36,Female,2017,,2800,25,0,1
15810864,WPR,Opitplex 320,36,0,Female,2018,,2602,89,1,3
15677921,WPR,Optilex 750,36,36,Male,2015,,2601,34,3,2
15724296,SAR,Optiplex 210L,36,24,Male,2014,,2764,56,1,1
15685329,SEAR,Optiplex 270,36,24,Female,2015,,2712,35,3,3
15639314,AMR-N,Dell Monitor?E2216HV),36,24,Male,2015,,2690,45,4,3
15685320,AMR-S,Dell PowerEdge R440 Rack Server,36,0,Male,2015,,1390,37,5,0
15789158,SEAR,Vostro 1540 ,24,36,Male,2014,,2563,45,3,0
15628936,WPR,Dell MS111,24,24,Male,2016,,2559,46,1,2
15769974,SEAR,Vostro 1510,12,48,Female,2017,,2804,52,4,2
15737051,WPR,Vostro 1510,12,36,Male,2018,,2885,53,4,2
15585595,WPR,Dell Km117 Wireless Keyboard Mouse,12,24,Female,2016,,2734,29,4,0
15654060,SAR,Dell PowerEdge T430 Tower Server,36,12,Male,2015,,2734,31,2,0
15605284,SEAR,Xps 15,12,24,Male,2014,,2714,30,2,3
15787071,EUR,Dell 22 Monitor - P2219H,36,0,Male,2017,,1400,57,4,1
15600739,SAR,Dell Dual Video USB 3.0 Docking Station - D1000,12,36,Female,2014,,2828,32,5,1
15653253,WPR,Dell USB 3.0 Docking Station - D3100,12,12,Male,2015,,2475,34,5,0
15763431,SAR,Dell KB216 Wired Multimedia USB Keyboard,12,12,Male,2014,,2446,23,5,2
15776807,WPR,Dell MS 116 Wired Optical Mouse,36,0,Male,2016,,2483,45,5,3
15686870,AFR,Dell MS 116 Wired Optical Mouse,36,0,Male,2016,,2661,34,3,0
15766908,AMR-N,Dell MS111,24,12,Male,2017,,2601,56,4,2
15570134,EMR,Dell MS 116 Wired Optical Mouse,36,12,Female,2014,,2630,23,4,2
15567367,AMR-N,Dell MS 116 Wired Optical Mouse,36,12,Female,2018,,2623,34,4,3
15747542,AMR-S,Dell KB216 Wired Multimedia USB Keyboard,12,0,Male,2015,,2674,23,2,2
15762238,EMR,Dell MS111,24,24,Female,2017,,2497,26,0,0
15712825,EUR,Dell Km117 Wireless Keyboard Mouse,12,0,Female,2018,,2631,57,3,1
15640280,SAR,Dell Km117 Wireless Keyboard Mouse,12,0,Male,2015,,2535,89,0,1
15756026,WPR,15 r inspiron ,36,48,Female,2018,,2459,34,5,1
15613319,SAR,Latitude 3440 ,12,48,Female,2016,,2401,56,5,0
15837776,WPR,Dell PowerEdge T30 Server,36,12,Male,2018,,2659,25,1,0
15649992,AMR-S,Chromebook 13,12,0,Male,2017,,2760,34,2,0
15578980,EMR,Chromebook 14,12,24,Female,2018,,2834,23,4,3
15641655,EUR,Elitebook 1030,12,12,Female,2018,,2685,26,1,3
15619708,SAR,Elitebook 1040,12,36,Male,2018,,2438,57,5,1
15591969,EMR-M,Inspiron 14 3421    ,12,12,Male,2015,,2854,89,2,1
15596939,SAR,Latitude 15 3000 series 3550  ,12,36,Male,2018,,2667,34,1,0
15716155,SEAR,Latitude 3180,12,0,Female,2017,,2769,56,5,2
15765311,WPR,Latitude 3560  ,12,24,Male,2018,,2460,35,1,1
15757811,SEAR,Latitude 5480,12,0,Female,2017,,2757,45,4,0
15603830,WPR,Latitude 3440 ,12,48,Male,2018,,2419,27,2,1
15639788,EMR-M,Chromebook 13,12,0,Female,2018,,2664,28,2,1
15695846,EUR,Chromebook 14,12,24,Female,2015,,2530,29,1,3
15797964,SEAR,Elitebook 1030,12,12,Female,2018,,2521,31,1,2
15625881,WPR,Elitebook 1040,12,36,Male,2017,,2834,30,0,2
15585036,AFR,Inspiron 14 3421    ,12,12,Female,2016,,2540,31,5,1
15589488,AMR-N,Inspiron 14 3421    ,12,48,Female,2017,,2880,32,1,1
15585888,SAR,Latitude 15 3000 series 3550  ,12,36,Female,2018,,2647,34,5,2
15727915,SEAR,Latitude 3180,12,0,Male,2018,,2776,35,5,2
15707567,WPR,Latitude 3560  ,12,24,Male,2017,,2603,38,3,2
15737792,AFR,Latitude 5480,12,0,Female,2016,,2747,40,2,3
15599433,WPR,Latitude 5490,12,36,Male,2016,,2660,55,3,3
15672012,AMR-S,Latitude 5490,12,48,Female,2016,,2720,50,3,0
15806983,EMR,Latitude D520,12,0,Male,2017,,2564,45,2,0
15592222,EMR-M,Alienware 15,12,24,Male,2016,,3060,27,2,2
15608968,EUR,Latitude 5480,12,36,Male,2016,,2637,28,3,1
15586959,SAR,Latitude 3180,12,48,Female,2016,,2870,30,4,3
15646558,SEAR,Alienware 17,12,36,Male,2017,,2825,26,2,2
15725811,WPR,Latitude D520,12,12,Male,2014,,2452,32,4,3
15572265,EMR-M,Latitude 3180,12,24,Male,2018,,2415,33,1,0
15794048,EUR,Opitplex 320,36,0,Female,2015,,2711,25,1,2
15677610,SAR,Optilex 750,36,36,Female,2017,,2429,27,1,0
15837775,AFR,Dell PowerEdge T30 Server,36,12,female,2014,,2614,36,3,0
15745012,SEAR,Optiplex 210L,36,24,Female,2018,,2600,33,1,2
15601589,WPR,Optiplex 270,36,24,Female,2015,,2562,34,1,2
15686436,SEAR,Latitude 3440 ,12,12,Male,2018,,2746,35,0,2
15693864,EMR,Latitude 3440 ,12,24,Female,2016,,2882,32,3,0
15760550,AMR-N,Dell Monitor?E2216HV),36,24,Male,2014,,2852,22,3,3
15686137,AMR-S,Dell PowerEdge R440 Rack Server,36,0,Male,2015,,1390,29,0,1
15809087,EMR-M,Vostro 1540 ,24,36,Male,2017,,2567,29,3,1
15807663,EUR,Latitude 3440 ,12,36,Male,2018,,2432,20,4,0
15794916,WPR,Dell MS111,24,24,Male,2018,,2899,30,5,0
15805449,SEAR,Vostro 1510,12,48,Male,2015,,2511,27,4,3
15686983,WPR,Vostro 1510,12,36,Female,2016,,2815,20,3,0
15808017,EMR-M,Dell Km117 Wireless Keyboard Mouse,12,24,Male,2018,,2642,30,1,2
15756804,EUR,Dell PowerEdge T430 Tower Server,36,12,Female,2017,,2952,40,0,2
15613085,EUR,Dell 22 Monitor - P2219H,36,24,Female,2017,,1400,42,2,2
15803764,SAR,Dell Dual Video USB 3.0 Docking Station - D1000,12,36,Male,2018,,2725,45,0,2
15674840,SEAR,Dell USB 3.0 Docking Station - D3100,12,12,Female,2017,,2629,34,3,2
15653762,EMR-M,Dell KB216 Wired Multimedia USB Keyboard,12,12,Female,2016,,2644,56,0,1
15591711,SAR,Dell MS111,24,24,Male,2017,,2451,34,4,0
15702968,EMR-M,Dell Km117 Wireless Keyboard Mouse,12,0,Male,2018,,2847,23,2,2
15600462,EUR,Dell Km117 Wireless Keyboard Mouse,12,0,Female,2015,,2656,26,3,3
15768104,SAR,15 r inspiron ,36,48,Male,2015,,2836,57,5,3
15780140,SEAR,Latitude 3440 ,12,48,Male,2017,,2408,89,0,0
15733119,EMR,Chromebook 13,12,0,Male,2016,,2791,34,3,0
15782390,EMR-M,Chromebook 14,12,24,Female,2014,,2805,56,3,1
15632210,AMR-S,Elitebook 1030,12,12,Male,2017,,2637,35,0,3
15792388,SAR,Inspiron 14 3421    ,12,12,Female,2018,,2438,45,4,0
15794580,SAR,Latitude 15 3000 series 3550  ,12,0,Male,2015,,2852,26,5,3
15675964,SEAR,Latitude 3180,12,0,Female,2016,,2683,25,2,1
15814275,WPR,Latitude 3560  ,12,24,Male,2017,,2619,26,0,0
15724848,WPR,Latitude 5480,12,0,Female,2014,,2738,23,5,3
15754713,SAR,Latitude 5490,12,12,Male,2018,,2576,45,5,1
15693814,EUR,Latitude D520,12,0,Male,2015,,2538,55,0,0
15599660,SAR,Latitude D520,12,0,Male,2017,,2893,54,3,3
15746490,SEAR,Alienware 15,12,24,Female,2014,,2900,20,1,0
15566091,EMR-M,Latitude D520,12,36,Female,2018,,2422,34,5,3
15655961,EUR,Optilex 750,36,48,Male,2015,,2647,67,4,3
15710404,SAR,Alienware 17,12,36,Male,2015,,2800,25,1,2
15775625,SEAR,Optilex 750,36,12,Male,2017,,2483,26,0,3
15792328,WPR,Optiplex 210L,36,24,Male,2014,,2589,35,1,0
15719856,WPR,Opitplex 320,36,0,Female,2018,,2646,36,1,0
15593773,WPR,Optilex 750,36,36,Male,2015,,2623,37,5,2
15733114,AFR,Optiplex 210L,36,24,Male,2018,,2471,38,4,0
15797748,AMR-N,Optiplex 270,36,24,Male,2016,,2853,34,5,3
15743411,EMR,Optiplex 270,36,12,Male,2014,,2699,35,5,3
15753337,EMR-M,Optilex 750,36,24,Male,2015,,2434,36,5,1
15601026,EUR,Optiplex 210L,36,24,Female,2018,,2507,37,2,2
15658485,EMR-M,Dell Km117 Wireless Keyboard Mouse,36,24,Female,2015,,2592,26,4,0
15590876,SEAR,Dell MS111,24,36,Female,2015,,2554,27,5,2
15790782,WPR,Vostro 1510,12,48,Male,2018,,2832,28,2,3
15700476,WPR,Vostro 1510,12,36,Male,2015,,2746,27,0,0
15634141,SAR,Vostro 1510,12,48,Female,2018,,2765,26,2,3
15737795,EUR,Dell Km117 Wireless Keyboard Mouse,12,24,Male,2016,,2713,37,1,0
15790299,SAR,Dell PowerEdge T430 Tower Server,36,36,Male,2014,,2868,38,2,0
15675316,SEAR,Vostro 1510,12,12,Female,2015,,2896,34,0,0
15613630,EMR-M,Vostro 1510,12,24,Male,2018,,2789,35,2,3
15662100,WPR,Xps 15,12,12,Female,2015,,2698,36,0,3
15668032,AFR,Xps 15,12,24,Female,2016,,2885,37,1,2
15599289,AMR-N,Dell 22 Monitor - P2219H,36,0,Female,2017,,1350,59,2,2
15754084,AMR-S,Chromebook 14,12,24,Male,2014,,2794,27,4,0
15676521,EMR,Dell 22 Monitor - P2219H,36,24,Female,2018,,1325,38,5,0
15676519,EMR-M,Dell 22 Monitor - P2219H,36,24,Male,2015,,1475,39,0,1
15640454,EUR,Dell PowerEdge R440 Rack Server,36,24,Male,2014,,1390,25,3,2
15686776,SAR,Dell PowerEdge R440 Rack Server,36,36,Female,2016,,1390,36,4,1
15709295,WPR,Dell Monitor?E2216HV),36,0,Female,2018,,2428,26,5,2
15718944,SAR,Dell PowerEdge R440 Rack Server,36,12,Male,2016,,1390,28,3,0
15741336,SEAR,Vostro 1540 ,12,12,Female,2018,,2512,56,1,2
15783659,WPR,Vostro 1540 ,12,12,Male,2016,,2588,23,0,1
15620981,AFR,Alienware 15,12,24,Female,2017,,3040,20,1,3
15630328,AMR-N,Vostro 1540 ,12,36,Female,2014,,2673,23,0,3
15785899,AMR-S,Vostro 1540 ,12,48,Male,2018,,2757,26,1,0
15606149,EMR,Alienware 17,12,36,Female,2015,,2750,21,3,1
15671139,EMR-M,Vostro 1510,12,12,Male,2018,,2557,89,4,2
15660429,EUR,Opitplex 320,36,24,Female,2015,,2543,34,3,0
15571002,SAR,Opitplex 320,36,0,Female,2018,,2666,56,3,3
15731522,WPR,Dell MS 116 Wired Optical Mouse,12,0,Female,2015,,2433,35,3,2
15619529,AMR-S,Dell Dual Video USB 3.0 Docking Station - D1000,12,24,Male,2018,,2609,45,4,2
15731815,SEAR,Dell Dual Video USB 3.0 Docking Station - D1000,12,0,Male,2014,,2401,27,2,1
15580956,WPR,Dell MS 116 Wired Optical Mouse,12,0,Female,2018,,2610,28,1,3
15602084,EMR-M,Dell Dual Video USB 3.0 Docking Station - D1000,12,24,Female,2015,,2466,29,5,3
15589805,EUR,Dell USB 3.0 Docking Station - D3100,12,12,Female,2018,,2729,31,2,3
15801488,SEAR,Dell Dual Video USB 3.0 Docking Station - D1000,12,0,Male,2015,,2502,30,2,3
15605918,WPR,Dell MS 116 Wired Optical Mouse,12,24,Male,2018,,2588,31,4,1
15779711,AFR,Dell Dual Video USB 3.0 Docking Station - D1000,12,24,Female,2018,,2624,32,3,2
15705620,AMR-N,Dell USB 3.0 Docking Station - D3100,12,12,Male,2015,,2497,34,2,1
15685357,AMR-S,Dell KB216 Wired Multimedia USB Keyboard,12,0,Female,2018,,2782,35,0,0
15570060,EMR,Dell USB 3.0 Docking Station - D3100,12,0,Female,2016,,2557,38,0,3
15582616,EMR-M,Dell USB 3.0 Docking Station - D3100,12,12,Female,2017,,2537,40,2,1
15792360,SEAR,Dell MS111,24,24,Male,2015,,2504,55,0,1
15756475,AMR-N,Dell KB216 Wired Multimedia USB Keyboard,12,24,Male,2018,,2835,50,2,1
15655339,AMR-N,Dell MS111,24,24,Male,2018,,2885,45,5,3
15613749,EMR,Dell USB 3.0 Docking Station - D3100,12,24,Male,2015,,2520,59,2,2
15664521,AMR-N,Dell Km117 Wireless Keyboard Mouse,12,0,Male,2018,,2611,28,4,0
15681206,AMR-S,Dell Km117 Wireless Keyboard Mouse,12,0,Female,2015,,2747,30,3,2
15745527,EMR,15 r inspiron ,36,24,Male,2018,,2589,31,1,0
15806926,EMR-M,Dell Dual Video USB 3.0 Docking Station - D1000,12,12,Female,2018,,2794,32,1,1
15724563,EUR,Dell USB 3.0 Docking Station - D3100,12,0,Female,2015,,2521,33,2,2
15782899,SAR,Dell KB216 Wired Multimedia USB Keyboard,12,12,Female,2015,,2744,25,4,3
15623521,WPR,15 r inspiron ,36,24,Male,2018,,2418,27,4,3
15810218,SAR,15 r inspiron ,36,12,Male,2018,,2645,20,3,0
15645621,SEAR,Dell MS 116 Wired Optical Mouse,36,36,Male,2015,,2730,33,1,3
15608114,WPR,Dell MS 116 Wired Optical Mouse,36,0,Male,2018,,2712,34,1,2
15659557,AFR,Dell MS 116 Wired Optical Mouse,36,0,Female,2016,,2558,35,4,0
15691111,AMR-S,Dell MS111,24,12,Female,2014,,2791,32,1,3
15592089,AFR,Dell MS 116 Wired Optical Mouse,36,12,Female,2017,,2435,22,2,2
15633897,AMR-N,Dell MS 116 Wired Optical Mouse,36,12,Male,2014,,2768,26,3,3
15701301,AMR-S,Dell KB216 Wired Multimedia USB Keyboard,12,0,Female,2018,,2690,29,2,0
15723685,EMR,Dell MS111,24,24,Female,2015,,2813,20,1,3
15739189,EUR,Dell Km117 Wireless Keyboard Mouse,12,0,Female,2015,,2773,30,2,0
15573086,SAR,Dell Km117 Wireless Keyboard Mouse,12,0,Male,2018,,2875,27,4,0
15569050,AMR-S,15 r inspiron ,36,48,Male,2015,,2539,20,3,3
15750765,AFR,Latitude 3440 ,12,48,Male,2014,,2900,30,5,3
15837321,AFR,Dell PowerEdge T30 Server,36,36,Female,2017,,2518,32,4,1
15799811,AMR-N,Dell PowerEdge T30 Server,36,36,Male,2018,,2737,40,0,3
15698442,AMR-S,Dell PowerEdge T30 Server,36,12,Male,2014,,2745,32,0,3
15585961,EUR,Chromebook 13,12,0,Female,2016,,2786,34,3,0
15686936,AMR-S,Chromebook 14,12,24,Female,2016,,2466,56,0,1
15770424,SAR,Elitebook 1030,12,0,Male,2017,,2737,34,5,3
15587451,SEAR,Elitebook 1030,12,12,Male,2018,,2407,23,4,3
15602010,WPR,Elitebook 1040,12,36,Female,2014,,2491,26,4,1
15600583,EMR-M,Elitebook 1040,12,12,Male,2015,,2858,34,0,0
15654673,EUR,Elitebook 1040,12,36,Male,2015,,2529,35,1,1
15717164,SAR,Inspiron 14 3421    ,12,12,Male,2014,,2746,36,1,1
15765014,SEAR,Inspiron 14 3421    ,12,48,Female,2015,,2497,37,2,2
15682639,WPR,Latitude 15 3000 series 3550  ,12,36,Male,2017,,2892,26,1,3
15729279,SEAR,Latitude 3180,12,0,Female,2016,,2756,27,0,2
15759805,EMR,Latitude 3560  ,12,24,Female,2014,,2428,28,4,1
15767864,AMR-N,Latitude 5480,12,0,Male,2015,,2574,27,3,3
15769948,AMR-S,Latitude 5490,12,36,Male,2017,,2610,26,4,2
15686345,EMR-M,Inspiron 14 3421    ,12,48,Male,2018,,2531,28,3,1
15688071,EUR,Latitude D520,12,0,Male,2018,,2693,26,1,1
15681174,SAR,Alienware 15,12,24,Male,2015,,3050,25,5,2
15667521,WPR,Latitude D520,12,36,Female,2014,,2689,56,5,3
15750243,SAR,Latitude D520,12,48,Male,2017,,2556,23,5,1
15695475,SEAR,Alienware 17,12,36,Male,2018,,2950,29,0,2
15689176,AMR-N,Optiplex 270,12,12,Male,2014,,2836,23,4,1
15652955,AMR-N,Opitplex 320,12,24,Male,2017,,2757,26,1,3
15668958,AMR-N,Opitplex 320,36,0,Male,2016,,2726,57,3,1
15631054,AMR-N,Optilex 750,36,36,Female,2016,,2657,89,5,2
15581479,AMR-S,Optiplex 210L,36,24,Male,2016,,2719,34,4,0
15577478,EMR-M,Optiplex 270,36,24,Female,2017,,2728,56,3,2
15780870,EUR,Optiplex 270,36,12,Male,2018,,2813,35,5,1
15692317,EUR,Optilex 750,36,24,Male,2014,,2629,45,1,3
15593969,SAR,Optiplex 210L,36,24,Female,2015,,2476,27,5,0
15570417,SEAR,Dell Km117 Wireless Keyboard Mouse,36,24,Male,2015,,2817,28,2,0
15779059,WPR,Dell Km117 Wireless Keyboard Mouse,12,24,Female,2014,,2459,29,3,0
15785980,SEAR,Dell PowerEdge T430 Tower Server,36,12,Male,2015,,2954,31,3,1
15644200,EMR,Dell PowerEdge T430 Tower Server,12,0,Female,2017,,2531,30,3,1
15793949,AMR-N,Xps 15,12,12,Female,2014,,2580,31,0,1
15645103,AMR-S,Dell Dual Video USB 3.0 Docking Station - D1000,12,12,Male,2015,,2584,30,2,0
15705860,EMR-M,Xps 15,12,24,Male,2015,,2865,40,3,0
15794549,EUR,Dell 22 Monitor - P2219H,36,0,Female,2018,,1300,36,1,0
15715003,SAR,Dell Dual Video USB 3.0 Docking Station - D1000,12,36,Female,2015,,2748,45,3,0
15623471,WPR,Dell USB 3.0 Docking Station - D3100,12,12,Male,2017,,2772,34,5,1
15798348,SAR,Dell KB216 Wired Multimedia USB Keyboard,12,12,Female,2016,,2517,56,4,1
15798521,SEAR,Dell MS 116 Wired Optical Mouse,36,36,Male,2017,,2727,34,4,3
15706534,EMR,Dell MS 116 Wired Optical Mouse,36,0,Female,2018,,2501,23,5,1
15706186,AMR-N,Dell MS 116 Wired Optical Mouse,36,0,Male,2018,,2523,26,5,1
15650933,EMR-M,Dell MS111,24,12,Female,2014,,2806,34,2,1
15692991,EUR,Dell MS 116 Wired Optical Mouse,36,12,Female,2017,,2422,35,5,3
15631189,SAR,Dell MS 116 Wired Optical Mouse,36,12,Male,2018,,2516,36,1,2
15762198,WPR,Dell KB216 Wired Multimedia USB Keyboard,12,0,Male,2014,,2495,37,3,2
15699598,SAR,Dell MS111,24,24,Female,2018,,2481,26,2,0
15688963,AMR-N,Dell Km117 Wireless Keyboard Mouse,12,0,Female,2017,,2672,27,1,2
15599131,AMR-N,Dell Km117 Wireless Keyboard Mouse,12,0,Male,2016,,2786,28,1,0
15680303,AMR-N,15 r inspiron ,36,48,Male,2016,,2664,89,1,2
15628674,AMR-N,Latitude 3440 ,12,48,Male,2016,,2769,34,2,0
15682618,SAR,Chromebook 13,12,0,Female,2015,,2841,56,4,2
15762937,SEAR,Chromebook 14,12,24,Female,2014,,2823,35,2,0
15750929,WPR,Elitebook 1030,12,0,Male,2015,,2791,45,2,2
15729832,EUR,Elitebook 1030,12,12,Male,2017,,2800,27,0,3
15633650,SAR,Inspiron 14 3421    ,12,12,Female,2014,,2509,28,2,1
15589195,SAR,Inspiron 14 3421    ,12,12,Female,2015,,2641,29,2,0
15663438,WPR,Latitude 15 3000 series 3550  ,12,0,Male,2015,,2573,31,3,1
15692583,AFR,Latitude 3180,12,0,Female,2014,,2583,30,2,0
15591257,AMR-N,Latitude 3560  ,12,24,Male,2017,,2770,31,2,1
15646513,AMR-N,Latitude 5480,12,0,Male,2018,,2597,30,0,3
15708063,AMR-N,Latitude 5490,12,12,Male,2014,,2629,40,0,1
15696098,AMR-S,Inspiron 14 3421    ,12,0,Female,2018,,2709,23,0,0
15645517,EMR-M,Latitude D520,12,0,Male,2014,,2770,45,0,1
15649744,EUR,Alienware 15,12,24,Female,2017,,2900,28,1,0
15604304,EUR,Inspiron 14 3421    ,12,36,Female,2016,,2882,56,5,0
15585198,SEAR,Alienware 17,12,36,Male,2016,,2635,21,4,2
15624347,WPR,Alienware 17,12,12,Male,2017,,2830,20,1,0
15621687,EUR,Alienware 17,12,24,Male,2015,,2725,28,5,3
15689081,SAR,Opitplex 320,36,0,Male,2014,,2424,20,3,3
15813168,WPR,Optilex 750,36,36,Female,2015,,2636,30,4,3
15604295,SAR,Optiplex 210L,36,24,Male,2014,,2890,27,0,0
15724127,SEAR,Optiplex 270,36,24,Female,2017,,2730,20,1,3
15673055,WPR,Optiplex 270,36,12,Male,2018,,2550,30,3,3
15768201,AFR,Optilex 750,36,24,Female,2014,,2593,40,3,2
15782219,SAR,Optiplex 210L,36,24,Male,2018,,2538,23,1,1
15746410,SAR,Dell Km117 Wireless Keyboard Mouse,36,24,Male,2015,,2424,45,4,1
15660316,EUR,Dell MS111,24,36,Female,2015,,2862,34,2,0
15616330,WPR,Vostro 1510,12,36,Male,2014,,2405,56,2,2
15592229,SAR,Vostro 1510,12,48,Female,2015,,2426,23,1,3
15798424,SEAR,Dell Km117 Wireless Keyboard Mouse,12,24,Male,2014,,2809,34,1,0
15714750,WPR,Dell PowerEdge T430 Tower Server,36,36,Female,2016,,2579,23,5,1
15723250,SAR,Xps 15,12,24,Male,2014,,2861,26,5,3
15596800,SAR,Dell Monitor?E2216HV),36,0,Male,2015,,2478,57,2,2
15767339,SEAR,Dell PowerEdge R440 Rack Server,36,24,Female,2016,,1390,30,4,1
15645316,WPR,Vostro 1540 ,24,12,Female,2015,,2448,34,0,3
15647301,SAR,Alienware 15,12,24,Female,2014,,3000,30,2,0
15628205,EUR,Alienware 17,12,36,Female,2015,,2725,29,1,0
15706899,EUR,Opitplex 320,36,0,Male,2017,,2448,45,5,1
15614220,SAR,Dell Dual Video USB 3.0 Docking Station - D1000,12,24,Male,2015,,2634,26,4,3
15698510,WPR,Dell KB216 Wired Multimedia USB Keyboard,12,0,Male,2015,,2585,25,2,3
15569247,AFR,Dell KB216 Wired Multimedia USB Keyboard,12,0,Female,2014,,2585,27,4,2
15605965,EUR,Dell Dual Video USB 3.0 Docking Station - D1000,12,24,Male,2015,,2438,20,0,1
15694821,EMR-M,Dell USB 3.0 Docking Station - D3100,12,12,Male,2014,,2740,33,1,2
15575581,WPR,Dell KB216 Wired Multimedia USB Keyboard,12,0,Female,2017,,2455,34,2,0
15671209,SAR,Dell KB216 Wired Multimedia USB Keyboard,12,0,Female,2016,,2514,35,3,1
15752463,WPR,Dell Dual Video USB 3.0 Docking Station - D1000,12,24,Female,2014,,2439,32,0,0
15589754,AMR-S,Dell USB 3.0 Docking Station - D3100,12,12,Male,2018,,2572,22,1,1
15766887,EMR-M,Dell MS111,24,12,Male,2018,,2864,26,3,2
15741295,SAR,Vostro 1510,12,24,Male,2018,,2794,29,1,3
15811327,SEAR,Vostro 1510,12,24,Male,2015,,2581,20,2,0
15690007,WPR,Dell Km117 Wireless Keyboard Mouse,12,24,Female,2014,,2867,30,0,2
15690664,EMR-M,Dell PowerEdge T430 Tower Server,36,36,Male,2017,,2630,27,0,2
15600997,WPR,Xps 15,12,23,Female,2014,,2459,20,0,2
15661249,SEAR,Dell 22 Monitor - P2219H,36,12,Male,2017,,1460,39,4,0
15723907,WPR,Chromebook 14,12,36,Female,2017,,2745,40,0,3
15633419,AFR,Dell 22 Monitor - P2219H,36,36,Female,2014,,1500,49,1,2
15702430,AMR-N,Dell 22 Monitor - P2219H,36,36,Female,2015,,1450,46,5,1
15590820,EMR-M,Dell Monitor?E2216HV),36,24,Male,2015,,2707,34,3,0
15595303,EUR,Dell PowerEdge R440 Rack Server,36,36,Female,2014,,1390,27,4,1
15697789,SAR,Vostro 1540 ,24,24,Female,2017,,2523,34,4,3
15685500,WPR,Alienware 15,12,0,Male,2015,,3050,29,5,2
15651369,WPR,Alienware 17,12,24,Male,2017,,2830,21,2,2
15570326,WPR,Opitplex 320,36,12,Male,2016,,2783,57,1,2
15755638,AMR-N,Dell MS 116 Wired Optical Mouse,12,12,Female,2015,,2762,89,4,0
15600992,AMR-N,Dell Dual Video USB 3.0 Docking Station - D1000,12,12,Male,2014,,2457,34,0,0
15755649,EMR,Dell MS 116 Wired Optical Mouse,12,0,Male,2015,,2801,56,5,3
15795228,AMR-N,Dell KB216 Wired Multimedia USB Keyboard,12,12,Male,2014,,2565,35,4,0
15589257,AMR-S,Dell KB216 Wired Multimedia USB Keyboard,12,12,Female,2017,,2507,45,4,3
15719302,EMR,Dell MS 116 Wired Optical Mouse,36,0,Female,2018,,2839,26,3,0
15636935,SAR,Dell Dual Video USB 3.0 Docking Station - D1000,12,24,Female,2015,,2486,25,0,2
15686909,WPR,Dell USB 3.0 Docking Station - D3100,12,24,Male,2014,,2762,26,2,3
15779947,SEAR,Dell KB216 Wired Multimedia USB Keyboard,12,0,Female,2017,,2764,23,2,1
15573769,WPR,Dell KB216 Wired Multimedia USB Keyboard,12,12,Female,2014,,2521,45,0,3
15837322,AFR,Dell PowerEdge T30 Server,36,36,Male,2015,,2430,25,4,0
15813444,AMR-S,Dell MS 116 Wired Optical Mouse,12,0,Female,2015,,2621,54,1,0
15678058,AFR,Dell Dual Video USB 3.0 Docking Station - D1000,12,24,Male,2014,,2402,45,0,1
15769169,AMR-N,Dell USB 3.0 Docking Station - D3100,12,12,Male,2016,,2675,34,0,1
15804602,AMR-S,Dell KB216 Wired Multimedia USB Keyboard,12,0,Male,2016,,2732,67,4,3
15594864,AMR-S,Dell MS111,24,24,Male,2018,,2639,32,0,1
15658969,EUR,Dell KB216 Wired Multimedia USB Keyboard,12,24,Male,2015,,2813,26,5,2
15738174,SAR,Dell MS111,24,24,Female,2014,,2590,35,2,1
15625080,EUR,15 r inspiron ,36,24,Female,2014,,2454,36,3,2
15682528,SAR,Dell Dual Video USB 3.0 Docking Station - D1000,12,12,Male,2018,,2574,37,1,2
15696900,SEAR,Dell USB 3.0 Docking Station - D3100,12,0,Male,2015,,2450,38,3,2
15730038,WPR,Dell KB216 Wired Multimedia USB Keyboard,12,12,Female,2014,,2707,34,5,0
15733387,SAR,Dell MS111,24,12,Female,2014,,2637,35,4,1
15607598,EUR,Dell MS111,24,24,Female,2015,,2446,36,1,1
15749482,SEAR,Dell Km117 Wireless Keyboard Mouse,12,0,Male,2015,,2642,37,2,2
15607537,WPR,Dell Km117 Wireless Keyboard Mouse,12,0,Male,2017,,2540,26,4,3
15575410,WPR,15 r inspiron ,36,48,Female,2015,,2667,27,2,2
15684865,SEAR,Latitude 3440 ,12,48,Female,2015,,2818,28,5,2
15660422,WPR,Chromebook 13,12,0,Male,2018,,2548,27,4,0
15617934,SEAR,Chromebook 14,12,24,Male,2016,,2612,26,1,1
15813132,EMR,Elitebook 1030,12,12,Male,2017,,2576,28,2,1
15593331,EMR-M,Elitebook 1040,12,36,Male,2016,,2719,26,3,3
15721189,SEAR,Inspiron 14 3421    ,12,12,Female,2018,,2589,27,0,1
15770030,EMR-M,Latitude 15 3000 series 3550  ,12,36,Female,2014,,2677,28,4,3
15803681,SAR,Latitude 3180,12,0,Female,2015,,2759,29,3,0
15702789,SEAR,Latitude 3560  ,12,24,Male,2015,,2670,21,1,1
15814930,WPR,Latitude 5480,12,0,Female,2016,,2784,22,0,3
15658306,EMR-M,Latitude 5490,12,36,Male,2017,,2848,23,1,1
15610383,SAR,Latitude D520,12,0,Female,2014,,2750,24,4,2
15615032,SEAR,Alienware 15,12,24,Male,2015,,2950,22,3,2
15740494,SEAR,Alienware 17,12,36,Female,2018,,2950,30,1,0
15794870,EMR-M,Opitplex 320,36,0,Male,2018,,2725,26,3,0
15747591,EUR,Optilex 750,36,36,Female,2015,,2841,27,2,2
15726557,SAR,Optiplex 210L,36,24,Female,2014,,2569,28,1,3
15732199,SEAR,Optiplex 270,36,24,Male,2017,,2769,29,2,1
15662291,WPR,Optiplex 270,36,12,Female,2018,,2557,31,0,0
15749050,EMR-M,Optilex 750,36,24,Female,2014,,2519,30,4,3
15781586,EUR,Optiplex 210L,36,24,Male,2015,,2406,31,4,0
15617078,SAR,Dell Km117 Wireless Keyboard Mouse,36,24,Female,2015,,2824,32,3,2
15723339,SEAR,Dell R530 Intel Xeon E5-2620v4 Server,36,24,Female,2014,,2771,34,2,1
15612064,AMR-N,Dell MS111,24,36,Male,2017,,2436,35,2,2
15683195,SEAR,Vostro 1510,12,36,Male,2015,,2795,38,3,0
15690182,WPR,Vostro 1510,12,48,Male,2018,,2547,40,3,0
15721719,WPR,Dell Km117 Wireless Keyboard Mouse,12,24,Male,2014,,2799,55,5,2
15641690,SEAR,Dell PowerEdge T430 Tower Server,36,36,Male,2015,,2983,50,1,0
15634896,AMR-N,Dell R530 Intel Xeon E5-2620v4 Server,36,12,Female,2015,,2577,45,0,0
15779182,EMR-M,Dell R530 Intel Xeon E5-2620v4 Server,36,12,Male,2016,,2770,59,1,2
15778287,EUR,Xps 15,12,24,Male,2014,,2700,28,2,0
15656726,SAR,Dell 22 Monitor - P2219H,36,12,Male,2016,,1450,47,2,2
15742229,SEAR,Chromebook 14,12,24,Male,2014,,2428,31,2,3
15748718,WPR,Dell 22 Monitor - P2219H,36,12,Male,2017,,1500,60,3,3
15804586,EMR-M,Dell 22 Monitor - P2219H,36,0,Female,2015,,1475,42,3,3
15688880,EMR-M,Dell Monitor?E2216HV),36,0,Male,2018,,2668,25,3,1
15807709,SEAR,Dell PowerEdge R440 Rack Server,36,24,Female,2016,,1480,25,5,3
15679611,SAR,Vostro 1540 ,24,12,Female,2015,,1456,20,2,3
15687752,AMR-S,Alienware 15,12,24,Male,2014,,1400,23,4,1
15803365,AMR-N,Alienware 17,12,36,Male,2015,,1525,24,4,0
15795166,EMR,Opitplex 320,36,0,Male,2015,,1478,35,1,1
15800856,EUR,Dell MS 116 Wired Optical Mouse,12,0,Male,2015,,1219,32,5,0
15671097,SAR,Dell Dual Video USB 3.0 Docking Station - D1000,12,24,Female,2017,,1537,22,1,3
15683930,WPR,Dell MS 116 Wired Optical Mouse,12,24,Female,2018,,1336,26,3,3
15749004,SAR,Dell KB216 Wired Multimedia USB Keyboard,12,0,Female,2015,,1292,29,5,3
15800434,SEAR,Dell KB216 Wired Multimedia USB Keyboard,12,0,Male,2018,,1464,20,0,2
15709117,WPR,Dell MS 116 Wired Optical Mouse,36,0,Female,2015,,1492,30,1,1
15638806,AFR,Dell R530 Intel Xeon E5-2620v4 Server,36,36,Male,2017,,1584,27,4,2
15662294,SEAR,Dell MS 116 Wired Optical Mouse,12,24,Male,2018,,1434,20,3,0
15690079,SAR,Dell Dual Video USB 3.0 Docking Station - D1000,12,24,Male,2015,,1614,30,2,3
15759317,EMR-M,Dell USB 3.0 Docking Station - D3100,12,12,Female,2018,,1300,40,3,1
15750497,AMR-S,Dell KB216 Wired Multimedia USB Keyboard,12,0,Female,2014,,1628,23,1,0
15596181,WPR,Dell Monitor?E2216HV),36,36,Male,2015,,1687,45,5,0
15576602,WPR,Dell Monitor?E2216HV),36,12,Male,2015,,1580,34,3,1
15644833,AMR-N,Latitude 3440 ,12,48,Male,2014,,1340,56,5,1
15734634,AMR-S,Dell Monitor?E2216HV),36,36,Female,2016,,1663,34,5,3
15808689,EMR,Dell Monitor?E2216HV),36,12,Female,2014,,1505,23,1,3
15720702,EMR,Dell Monitor?E2216HV),36,24,Male,2015,,1333,26,5,0
15665077,EMR-M,Dell Monitor?E2216HV),36,0,Female,2016,,1204,57,0,0
15763612,EUR,Chromebook 13,12,0,Male,2014,,1678,89,1,0
15596493,SAR,Chromebook 14,12,24,Female,2015,,1615,34,1,2
15704483,WPR,Dell Monitor?E2216HV),36,0,Male,2014,,1505,56,2,0
15598846,SAR,Elitebook 1030,12,12,Female,2015,,1496,35,3,3
15629244,SEAR,Elitebook 1040,12,36,Male,2014,,1484,45,3,0
15765537,WPR,Dell Monitor?E2216HV),36,12,Male,2015,,1437,26,3,2
15729975,AFR,Dell Monitor?E2216HV),36,36,Female,2016,,1536,25,2,2
15682773,SEAR,Inspiron 14 3421    ,12,12,Female,2014,,1278,26,2,2
15688007,WPR,Dell Monitor?E2216HV),36,48,Male,2015,,1425,23,3,0
15574331,EMR-M,Latitude 15 3000 series 3550  ,12,36,Female,2014,,1321,45,3,2
15645572,EMR,Latitude 3180,12,0,Female,2015,,1286,55,4,1
15742854,EMR-M,Latitude 3560  ,12,24,Female,2017,,1690,54,4,1
15575417,EMR-M,Latitude 5480,12,0,Male,2018,,1550,45,5,2
15796721,SEAR,Latitude 5490,12,36,Male,2015,,1596,34,4,1
15734942,SAR,Dell Monitor?E2216HV),36,48,Female,2018,,1337,67,3,0
15664772,EMR-M,Latitude D520,12,0,Male,2015,,1662,32,1,1
15576683,AMR-S,Alienware 15,12,24,Female,2017,,1950,26,5,0
15612108,AMR-N,Alienware 17,12,36,Male,2018,,1750,30,0,2
15761132,AMR-S,Dell Monitor?E2216HV),36,12,Male,2014,,1622,36,0,0
15645511,EMR,Dell KB216 Wired Multimedia USB Keyboard,12,0,Male,2015,,1669,37,2,3
15609824,EMR,Dell KB216 Wired Multimedia USB Keyboard,12,0,Female,2018,,1517,38,5,2
15640268,EMR-M,Dell MS 116 Wired Optical Mouse,36,0,Male,2015,,1662,34,2,2
15691104,SAR,Dell MS 116 Wired Optical Mouse,12,24,Female,2017,,1418,35,3,1
15714567,WPR,Dell Dual Video USB 3.0 Docking Station - D1000,12,24,Female,2018,,1225,36,3,0
15777826,SAR,Dell USB 3.0 Docking Station - D3100,12,12,Male,2014,,1405,37,1,0
15668445,SEAR,Dell KB216 Wired Multimedia USB Keyboard,12,0,Male,2017,,1288,26,2,0
15613141,SEAR,Latitude 3440 ,12,48,Female,2016,,1610,27,4,3
15623644,AMR-S,Chromebook 13,12,0,Male,2014,,1235,28,0,1
15683403,WPR,Chromebook 14,12,24,Male,2015,,1376,27,0,3
15769005,AMR-N,Elitebook 1030,12,12,Male,2014,,1537,26,0,3
15746326,AMR-S,Elitebook 1040,12,36,Male,2015,,1318,37,3,0
15694409,EMR-M,Inspiron 14 3421    ,12,12,Female,2015,,1584,38,2,3
15683841,SAR,Latitude 15 3000 series 3550  ,12,36,Male,2014,,1368,34,5,0
15789095,WPR,Latitude 3180,12,0,Male,2015,,1636,35,2,0
15719958,SAR,Latitude 3560  ,12,24,Male,2017,,1662,36,1,1
15689514,SEAR,Latitude 5480,12,0,Male,2016,,1249,37,4,0
15621353,WPR,Latitude 5490,12,36,Female,2014,,1293,26,2,0
15745843,EMR,Latitude D520,12,0,Female,2017,,1453,27,2,1
15749177,EMR,Alienware 15,12,0,Male,2015,,1200,22,1,0
15723006,SAR,Alienware 17,12,36,Male,2014,,1400,24,1,2
15574004,SEAR,Opitplex 320,36,0,Female,2014,,1298,26,4,1
15587233,WPR,Optilex 750,36,36,Male,2018,,1375,28,2,0
15808228,AFR,Optiplex 210L,36,24,Female,2014,,1361,26,1,3
15682834,SEAR,Optiplex 270,36,24,Female,2017,,1498,27,2,3
15571752,WPR,Optiplex 270,36,12,Female,2016,,1436,28,3,3
15743067,EMR-M,Optilex 750,36,24,Male,2016,,1551,29,3,2
15714466,EMR,Optiplex 210L,36,24,Female,2016,,1352,21,0,1
15617982,EMR-M,Dell Km117 Wireless Keyboard Mouse,36,24,Female,2017,,1478,22,0,0
15674526,AMR-S,Dell MS111,24,36,Male,2014,,1409,23,2,2
15684196,WPR,Vostro 1510,12,36,Female,2017,,1412,24,2,1
15727281,AMR-N,Vostro 1510,12,48,Female,2014,,1502,22,1,3
15787835,AMR-S,Dell Km117 Wireless Keyboard Mouse,12,24,Female,2015,,1327,25,0,2
15730540,EMR,Dell PowerEdge T430 Tower Server,36,36,Male,2015,,1584,26,0,0
15646276,AMR-N,Dell R530 Intel Xeon E5-2620v4 Server,36,12,Female,2014,,1642,27,5,0
15582180,AMR-S,Dell R530 Intel Xeon E5-2620v4 Server,36,24,Male,2015,,1690,28,2,2
15697095,AFR,Dell R530 Intel Xeon E5-2620v4 Server,36,12,Male,2014,,1510,29,3,2
15748797,SAR,Xps 15,12,24,Female,2017,,1415,31,1,1
15594404,WPR,Dell 22 Monitor - P2219H,36,12,Male,2017,,1402,40,0,1
15628947,SAR,Chromebook 14,12,24,Female,2014,,1565,31,1,2
15775546,SEAR,Dell 22 Monitor - P2219H,36,24,Female,2018,,220,39,3,3
15592979,WPR,Dell 22 Monitor - P2219H,36,24,Female,2018,,220,48,2,2
15619029,AFR,Dell R530 Intel Xeon E5-2620v4 Server,36,24,Female,2017,,1289,35,1,2
15613282,SEAR,Dell R530 Intel Xeon E5-2620v4 Server,36,0,Male,2016,,1678,38,0,1
15721487,SAR,Dell Monitor?E2216HV),36,0,Female,2016,,1424,40,3,3
15797276,WPR,Dell PowerEdge R440 Rack Server,36,24,Female,2016,,1540,38,3,0
15612494,AMR-S,Vostro 1540 ,24,12,Female,2017,,1429,50,4,2
15629617,EMR,Dell R530 Intel Xeon E5-2620v4 Server,36,12,Male,2015,,1496,45,1,2
15600821,EMR-M,Alienware 15,12,24,Male,2014,,1700,27,3,0
15579062,EUR,Dell R530 Intel Xeon E5-2620v4 Server,36,36,Male,2015,,1397,28,1,2
15814268,SAR,Dell PowerEdge T30 Server,36,48,Female,2014,,1229,37,5,0
15710164,SEAR,Alienware 17,12,36,Female,2017,,1640,25,0,1
15693904,WPR,Dell PowerEdge T30 Server,36,12,Female,2018,,1282,39,1,1
15837324,AFR,Dell PowerEdge T30 Server,36,0,Male,2014,,1463,31,5,3
15797733,EUR,Opitplex 320,36,0,Male,2015,,1292,34,0,2
15685150,SAR,Dell MS 116 Wired Optical Mouse,12,0,Male,2015,,1684,29,1,2
15667651,WPR,Dell Dual Video USB 3.0 Docking Station - D1000,12,24,Female,2017,,1315,29,3,3
15774166,SAR,Dell MS 116 Wired Optical Mouse,12,24,Female,2014,,1649,29,5,2
15649280,SEAR,Dell KB216 Wired Multimedia USB Keyboard,12,0,Female,2015,,1699,30,5,3
15705657,WPR,Dell KB216 Wired Multimedia USB Keyboard,12,0,Female,2015,,1466,31,3,2
15753969,EMR-M,Dell MS 116 Wired Optical Mouse,36,0,Male,2014,,1635,32,0,2
15794874,SAR,Dell MS 116 Wired Optical Mouse,12,24,Male,2014,,1410,32,4,0
15589221,EMR-M,Dell Dual Video USB 3.0 Docking Station - D1000,12,24,Male,2016,,1454,32,5,3
15596671,AMR-S,Dell USB 3.0 Docking Station - D3100,12,12,Female,2016,,1332,31,2,2
15583668,WPR,Dell KB216 Wired Multimedia USB Keyboard,12,0,Female,2017,,1288,30,3,0
15794560,AMR-S,Latitude 3440 ,12,48,Male,2015,,1643,30,4,2
15626485,EMR,Dell R530 Intel Xeon E5-2620v4 Server,36,36,Female,2014,,1711,31,3,1
15703143,EMR,Latitude 3180,12,12,Female,2017,,1244,29,4,1
15809772,EMR-M,Dell R530 Intel Xeon E5-2620v4 Server,36,24,Male,2018,,1501,28,3,1
15585282,SAR,Chromebook 13,12,0,Male,2018,,1428,27,2,3
15714993,WPR,Chromebook 14,12,24,Female,2015,,1601,20,2,2
15646615,SEAR,Elitebook 1030,12,12,Male,2015,,1202,33,2,1
15742632,WPR,Elitebook 1040,12,36,Female,2017,,1512,34,5,3
15574068,AFR,Dell R530 Intel Xeon E5-2620v4 Server,36,12,Male,2014,,1627,35,5,1
15796334,SAR,Inspiron 14 3421    ,12,12,Male,2018,,1544,32,1,1
15796179,AMR-S,Latitude 15 3000 series 3550  ,12,36,Male,2014,,1329,22,5,3
15598751,EMR,Latitude 3180,12,0,Female,2015,,1261,26,3,1
15703019,EMR-M,Latitude 3560  ,12,24,Female,2017,,1552,29,2,0
15646302,EUR,Latitude 5480,12,0,Female,2014,,1632,20,3,2
15680855,SAR,Latitude 5490,12,36,Male,2015,,1667,30,2,3
15585367,WPR,Latitude D520,12,0,Female,2014,,1688,27,3,1
15726556,EMR-M,Alienware 15,12,24,Female,2015,,1800,23,3,1
15774882,SAR,Alienware 17,12,36,Female,2016,,1440,23,4,2
15714227,WPR,Dell R530 Intel Xeon E5-2620v4 Server,36,12,Female,2017,,1219,40,0,1
15608653,SAR,Dell KB216 Wired Multimedia USB Keyboard,12,0,Female,2015,,1549,23,3,1
15784280,EUR,Dell KB216 Wired Multimedia USB Keyboard,12,0,Male,2014,,1675,45,3,2
15789546,SEAR,Dell MS 116 Wired Optical Mouse,36,0,Male,2015,,1408,34,4,2
15590320,SEAR,Dell R530 Intel Xeon E5-2620v4 Server,36,36,Male,2017,,1710,56,1,3
15678385,AFR,Dell MS 116 Wired Optical Mouse,12,24,Male,2016,,1590,23,3,2
15571778,WPR,Dell Dual Video USB 3.0 Docking Station - D1000,12,24,Female,2014,,1558,34,5,1
15657085,EMR-M,Dell PowerEdge R440 Rack Server,36,0,Male,2015,,1531,31,3,3
15640627,EUR,Vostro 1540 ,24,36,Male,2017,,1446,26,2,2
15566211,WPR,Dell R530 Intel Xeon E5-2620v4 Server,36,36,Female,2018,,1400,57,1,2
15669293,EMR,Dell R530 Intel Xeon E5-2620v4 Server,36,12,Male,2018,,1274,89,1,1
15595067,WPR,Dell MS111,24,36,Female,2015,,1419,34,5,1
15753566,EMR-M,Dell R530 Intel Xeon E5-2620v4 Server,36,48,Female,2014,,1641,56,0,2
15650391,EUR,Vostro 1510,12,36,Female,2017,,1492,35,5,3
15681843,SEAR,Vostro 1510,12,48,Female,2018,,1486,45,5,2
15814846,SEAR,Dell Km117 Wireless Keyboard Mouse,12,24,Male,2014,,1451,26,1,3
15670374,AFR,Dell PowerEdge T430 Tower Server,36,36,Female,2015,,1348,45,0,1
15700223,EUR,Dell R530 Intel Xeon E5-2620v4 Server,36,24,Male,2014,,1799,46,2,2
15729956,SEAR,Dell R530 Intel Xeon E5-2620v4 Server,36,12,Female,2015,,1744,47,2,0
15594862,SEAR,Xps 15,12,24,Male,2014,,1432,37,4,2
15598782,AFR,Dell 22 Monitor - P2219H,36,0,Female,2016,,1323,53,0,2
15745080,WPR,Dell Dual Video USB 3.0 Docking Station - D1000,12,12,Male,2016,,1317,36,2,2
15703399,EMR-M,Dell USB 3.0 Docking Station - D3100,12,0,Female,2017,,1552,35,2,3
15732175,EUR,Dell KB216 Wired Multimedia USB Keyboard,12,12,Male,2015,,1499,39,5,3
15630725,SAR,Dell R530 Intel Xeon E5-2620v4 Server,36,24,Female,2014,,1336,40,5,3
15640260,SAR,Dell R530 Intel Xeon E5-2620v4 Server,36,12,Male,2015,,1421,47,4,1
15716822,EMR-M,Dell MS 116 Wired Optical Mouse,36,36,Male,2017,,1525,50,3,0
15583748,EUR,Dell MS 116 Wired Optical Mouse,36,0,Male,2016,,1355,51,3,3
15605968,SAR,Dell MS 116 Wired Optical Mouse,36,0,Male,2014,,1675,52,5,0
15790683,SAR,Dell R530 Intel Xeon E5-2620v4 Server,36,0,Male,2015,,1639,53,3,0
15607713,WPR,Dell MS111,24,12,Female,2017,,1605,29,4,0
15700212,SAR,Dell MS 116 Wired Optical Mouse,36,12,Female,2018,,1664,31,5,0
15626710,EUR,Dell MS 116 Wired Optical Mouse,36,12,Female,2015,,1346,30,4,2
15716491,SEAR,Dell KB216 Wired Multimedia USB Keyboard,12,0,Female,2014,,1634,31,5,0
15625824,SEAR,Dell MS111,24,24,Male,2017,,1374,32,4,3
15617705,AFR,Dell R530 Intel Xeon E5-2620v4 Server,36,36,Female,2018,,1796,34,4,3
15761976,WPR,Dell Km117 Wireless Keyboard Mouse,12,0,Female,2014,,1358,35,4,3
15634891,EMR-M,Dell Km117 Wireless Keyboard Mouse,12,0,Female,2015,,1537,38,3,2
15744517,EUR,15 r inspiron ,36,48,Male,2015,,1450,40,1,0
15686963,SAR,Latitude 3440 ,12,48,Female,2014,,1406,55,4,1
15580845,WPR,Dell KB216 Wired Multimedia USB Keyboard,12,0,Male,2014,,1562,50,4,1
15677049,SEAR,15 r inspiron ,12,24,Female,2018,,1603,45,1,1
15583595,EUR,Chromebook 14,12,24,Female,2015,,1583,59,1,0
15590146,AFR,Alienware 17,12,12,Female,2017,,1645,20,4,3
15801548,AFR,Alienware 17,12,0,Male,2018,,1750,24,3,2
15660833,AFR,Alienware 17,12,24,Male,2018,,1750,22,1,1
15762277,AMR-N,Alienware 17,12,24,Female,2017,,1645,26,4,2
15791302,AMR-N,Alienware 17,12,0,Male,2014,,1431,28,4,1
15798975,AMR-N,Alienware 17,12,12,Female,2015,,1525,24,0,0
15599956,AMR-N,Alienware 17,12,0,Female,2018,,1750,25,0,0
15577274,AMR-S,Alienware 17,12,24,Female,2017,,1645,27,4,0
15586974,AMR-S,Alienware 17,12,12,Male,2018,,1750,24,3,1
15729040,AMR-S,Alienware 17,12,0,Female,2018,,1750,29,4,2
15788676,AMR-S,Alienware 17,12,12,Male,2016,,1455,20,3,3
15602497,AMR-S,Alienware 17,12,0,Male,2017,,1645,29,1,0
15701333,EMR,Alienware 17,12,12,Male,2016,,1480,29,3,1
15701333,EMR,Alienware 17,12,24,Male,2016,,1490,23,4,0
15701333,EMR,Alienware 17,12,36,Female,2018,,1750,23,2,1
15701333,EMR,Alienware 17,12,0,Male,2018,,1750,20,2,2
15701333,EMR,Alienware 17,12,24,Female,2018,,1750,29,0,0
15591130,EMR-M,Alienware 17,12,24,Male,2016,,1460,24,2,3
15591130,EMR-M,Alienware 17,12,12,Male,2017,,1645,21,5,2
15591130,EMR-M,Alienware 17,12,24,Male,2018,,1750,20,0,1
15591130,EMR-M,Alienware 17,12,12,Female,2018,,1750,22,2,0
15781210,EUR,Alienware 17,12,12,Male,2016,,1450,23,1,2
15715031,EUR,Alienware 17,12,24,Male,2017,,1645,21,4,0
15589660,EUR,Alienware 17,12,24,Female,2018,,1750,29,3,3
15769818,EUR,Alienware 17,12,36,Female,2018,,1750,27,5,2
15614818,SAR,Alienware 17,12,12,Male,2018,,1750,21,3,0
15794014,SAR,Alienware 17,12,24,Female,2018,,1750,24,0,3
15732448,SAR,Alienware 17,12,12,Female,2018,,1750,24,4,3
15723411,SAR,Alienware 17,12,24,Male,2018,,1750,24,2,2
15797686,WPR,Alienware 17,12,12,Female,2018,,1750,26,0,2
15605950,AFR,Alienware 15,12,0,Male,2018,,1900,27,2,2
15812497,AFR,Alienware 15,12,12,Male,2018,,1900,29,5,2
15690678,AFR,Alienware 15,12,12,Female,2018,,1900,26,4,3
15747677,AMR-N,Alienware 15,12,0,Female,2018,,1500,26,1,1
15618926,AMR-N,Alienware 15,12,12,Male,2017,,1450,24,4,1
15673908,AMR-N,Alienware 15,12,24,Male,2018,,1500,22,2,3
15727944,AMR-S,Alienware 15,12,0,Male,2016,,1900,28,5,3
15807294,AMR-S,Alienware 15,12,12,Male,2018,,2000,25,4,0
15618581,AMR-S,Alienware 15,12,12,Male,2018,,2000,26,0,3
15599552,EMR,Alienware 15,12,12,Female,2016,,1340,26,1,1
15668893,EMR,Alienware 15,12,24,Male,2017,,1360,29,0,2
15722902,EMR,Alienware 15,12,24,Male,2018,,1400,20,4,1
15584364,EMR,Alienware 15,12,12,Female,2018,,1400,22,4,2
15568106,EMR-M,Alienware 15,12,12,Male,2018,,2000,29,0,2
15779481,EMR-M,Alienware 15,12,12,Male,2018,,2000,22,5,2
15709994,EUR,Alienware 15,12,12,Male,2016,,1900,25,5,1
15772777,EUR,Alienware 15,12,24,Male,2018,,2200,29,0,2
15706815,EUR,Alienware 15,12,36,Female,2018,,2200,24,2,3
15618018,EUR,Alienware 15,12,36,Male,2018,,2200,23,2,0
15671032,SAR,Alienware 15,12,12,Male,2017,,1900,21,0,3
15634281,SAR,Alienware 15,12,12,Male,2018,,1950,20,3,1
15766374,SAR,Alienware 15,12,12,Male,2018,,1950,24,2,2
15600991,SEAR,Alienware 15,12,12,Male,2017,,1850,27,5,1
15777576,SEAR,Alienware 15,12,36,Male,2018,,1900,24,5,1
15742613,SEAR,Alienware 15,12,12,Female,2016,,1800,27,3,1
15649523,SEAR,Alienware 15,12,24,Female,2018,,1900,21,4,3
15683124,WPR,Alienware 15,12,0,Male,2017,,1825,27,1,1
15670823,WPR,Alienware 15,12,12,Male,2017,,1825,26,0,2
15651063,WPR,Alienware 15,12,12,Male,2018,,1900,24,3,0
15618314,WPR,Alienware 15,12,36,Female,2018,,1900,30,4,0
15607133,AFR,Dell 22 Monitor - P2219H,36,12,Male,2017,,250,59,5,3
15615012,AFR,Dell 22 Monitor - P2219H,36,12,Male,2018,,225,39,5,2
15725141,AFR,Dell 22 Monitor - P2219H,36,24,Female,2018,,225,52,0,1
15623560,AFR,Dell 22 Monitor - P2219H,36,24,Female,2018,,225,58,1,0
15693018,AMR-N,Dell 22 Monitor - P2219H,36,12,Female,2016,,175,55,0,3
15636756,AMR-N,Dell 22 Monitor - P2219H,36,0,Male,2018,,125,51,3,3
15647474,AMR-N,Dell 22 Monitor - P2219H,36,12,Female,2018,,125,39,2,2
15585047,AMR-S,Dell 22 Monitor - P2219H,36,12,Female,2017,,140,57,2,3
15743976,AMR-S,Dell 22 Monitor - P2219H,36,36,Male,2018,,130,59,1,3
15793881,AMR-S,Dell 22 Monitor - P2219H,36,24,Female,2018,,130,41,1,3
15576517,AMR-S,Dell 22 Monitor - P2219H,36,0,Female,2017,,140,55,3,1
15631072,AMR-S,Dell 22 Monitor - P2219H,36,12,Male,2018,,130,40,0,1
15730394,EMR,Dell 22 Monitor - P2219H,36,12,Male,2017,,150,48,3,0
15631460,EMR,Dell 22 Monitor - P2219H,36,12,Female,2018,,125,55,4,1
15692002,EMR,Dell 22 Monitor - P2219H,36,36,Male,2018,,125,43,0,3
15595282,EMR,Dell 22 Monitor - P2219H,36,0,Female,2015,,200,41,5,2
15789548,EMR,Dell 22 Monitor - P2219H,36,12,Male,2014,,250,52,3,3
15730394,EMR,Dell 22 Monitor - P2219H,36,24,Female,2015,,200,59,2,1
15590993,EMR-M,Dell 22 Monitor - P2219H,36,0,Male,2017,,250,59,4,3
15692002,EMR-M,Dell 22 Monitor - P2219H,36,24,Male,2017,,250,39,4,0
15631460,EMR-M,Dell 22 Monitor - P2219H,36,12,Female,2018,,100,59,3,2
15595282,EMR-M,Dell 22 Monitor - P2219H,36,0,Female,2018,,100,40,3,3
15789548,EMR-M,Dell 22 Monitor - P2219H,36,12,Male,2018,,100,54,3,1
15576676,EUR,Dell 22 Monitor - P2219H,36,12,Female,2018,,100,48,1,3
15711378,EUR,Dell 22 Monitor - P2219H,36,24,Male,2018,,100,58,3,1
15611325,SAR,Dell 22 Monitor - P2219H,36,12,Male,2017,,225,37,5,1
15765520,SAR,Dell 22 Monitor - P2219H,36,12,Female,2018,,200,39,2,0
15647842,SAR,Dell 22 Monitor - P2219H,36,24,Male,2018,,200,41,4,1
15719309,SEAR,Dell 22 Monitor - P2219H,36,12,Male,2018,,225,39,2,2
15745307,WPR,Dell 22 Monitor - P2219H,36,0,Female,2018,,250,46,5,0
15754796,WPR,Dell 22 Monitor - P2219H,36,0,Female,2018,,250,35,3,2
15714080,WPR,Dell PowerEdge R440 Rack Server,36,12,Male,2016,,1450,42,1,2
15751158,WPR,Dell PowerEdge R440 Rack Server,36,12,Female,2017,,1500,33,5,3
15648721,WPR,Dell PowerEdge R440 Rack Server,36,0,Female,2017,,1500,43,1,3
15776231,WPR,Dell PowerEdge R440 Rack Server,36,0,Male,2018,,1600,25,4,2
15593470,WPR,Dell PowerEdge R440 Rack Server,36,12,Female,2018,,1600,31,0,1
15695129,WPR,Dell PowerEdge R440 Rack Server,36,24,Male,2018,,1600,34,1,1
15801466,AMR-N,Dell PowerEdge R440 Rack Server,36,12,Female,2017,,1430,43,0,3
15750248,AMR-N,Dell PowerEdge R440 Rack Server,36,12,Male,2017,,1430,40,2,3
15758726,AMR-N,Dell PowerEdge R440 Rack Server,36,0,Male,2018,,1440,35,5,0
15781553,AMR-N,Dell PowerEdge R440 Rack Server,36,0,Female,2018,,1440,33,4,3
15649121,AMR-N,Dell PowerEdge R440 Rack Server,36,12,Male,2018,,1440,27,0,1
15674811,AMR-S,Dell PowerEdge R440 Rack Server,36,12,Female,2017,,1472,33,5,2
15646037,AMR-S,Dell PowerEdge R440 Rack Server,36,24,Female,2017,,1472,25,1,1
15722578,AMR-S,Dell PowerEdge R440 Rack Server,36,0,Male,2018,,1480,29,3,2
15665695,AMR-S,Dell PowerEdge R440 Rack Server,36,12,Female,2018,,1480,33,3,3
15811762,EMR,Dell PowerEdge R440 Rack Server,36,24,Female,2016,,1490,25,4,0
15770309,EMR,Dell PowerEdge R440 Rack Server,36,36,Male,2016,,1490,25,0,0
15777797,EMR,Dell PowerEdge R440 Rack Server,36,0,Male,2017,,1530,32,0,3
15662955,EMR,Dell PowerEdge R440 Rack Server,36,12,Female,2018,,1580,27,5,2
15783955,EMR,Dell PowerEdge R440 Rack Server,36,12,Female,2018,,1580,29,5,3
15804516,EMR-M,Dell PowerEdge R440 Rack Server,36,12,Male,2016,,1595,33,4,1
15681758,EMR-M,Dell PowerEdge R440 Rack Server,36,0,Female,2017,,1598,26,5,1
15630321,EMR-M,Dell PowerEdge R440 Rack Server,36,12,Male,2018,,1625,26,4,2
15588248,EMR-M,Dell PowerEdge R440 Rack Server,36,24,Female,2018,,1625,27,0,0
15634950,EUR,Dell PowerEdge R440 Rack Server,36,24,Male,2017,,1450,27,2,1
15781465,EUR,Dell PowerEdge R440 Rack Server,36,24,Female,2018,,1550,31,2,2
15685372,EUR,Dell PowerEdge R440 Rack Server,36,0,Male,2018,,1550,34,0,3
15745827,EUR,Dell PowerEdge R440 Rack Server,36,12,Female,2018,,1550,36,5,1
15586310,SAR,Dell PowerEdge R440 Rack Server,36,36,Male,2017,,1500,41,5,1
15678626,SAR,Dell PowerEdge R440 Rack Server,36,0,Female,2018,,1525,34,0,3
15571550,SAR,Dell PowerEdge R440 Rack Server,36,12,Male,2018,,1525,36,0,0
15754177,SEAR,Dell PowerEdge R440 Rack Server,36,12,Female,2017,,1500,29,3,3
15683544,SEAR,Dell PowerEdge R440 Rack Server,36,12,Male,2017,,1500,32,4,2
15708048,SEAR,Dell PowerEdge R440 Rack Server,36,0,Female,2018,,1505,42,3,1
15701109,SEAR,Dell PowerEdge R440 Rack Server,36,24,Male,2018,,1505,26,3,2
15651533,AFR,Dell PowerEdge T30 Server,36,12,Female,2017,,1679,29,5,3
15777904,AFR,Dell PowerEdge T30 Server,36,24,Male,2017,,1289,40,0,2
15655574,AFR,Dell PowerEdge T30 Server,36,36,Male,2015,,1450,31,1,3
15569423,AFR,Dell PowerEdge T30 Server,36,12,Female,2018,,1223,32,0,1
15718106,AFR,Dell PowerEdge T30 Server,36,24,Male,2018,,1549,25,1,1
15651533,AFR,Dell PowerEdge T30 Server,36,36,Female,2018,,1539,31,4,0
15654851,AMR-N,Dell PowerEdge T30 Server,36,12,Female,2017,,1354,30,0,0
15741429,AMR-N,Dell PowerEdge T30 Server,36,0,Female,2016,,1421,37,4,1
15682356,AMR-N,Dell PowerEdge T30 Server,36,24,Female,2016,,1550,34,0,3
15806447,AMR-N,Dell PowerEdge T30 Server,36,36,Male,2018,,1488,32,4,0
15800229,AMR-N,Dell PowerEdge T30 Server,36,12,Female,2017,,1533,26,0,2
15775082,AMR-S,Dell PowerEdge T30 Server,36,12,Female,2015,,1296,40,0,3
15579706,AMR-S,Dell PowerEdge T30 Server,36,0,Male,2016,,1462,28,0,3
15718247,AMR-S,Dell PowerEdge T30 Server,36,24,Female,2018,,1267,27,1,2
15755722,AMR-S,Dell PowerEdge T30 Server,36,36,Male,2018,,1485,30,4,1
15582259,AMR-S,Dell PowerEdge T30 Server,36,0,Female,2018,,1374,38,2,1
15586880,EMR,Dell PowerEdge T30 Server,36,12,Female,2016,,1582,32,3,2
15713854,EMR,Dell PowerEdge T30 Server,36,24,Male,2017,,1365,38,0,0
15780835,EMR,Dell PowerEdge T30 Server,36,12,Female,2018,,1402,36,3,1
15675896,EMR,Dell PowerEdge T30 Server,36,36,Male,2017,,1345,29,1,0
15658459,EMR,Dell PowerEdge T30 Server,36,24,Male,2018,,1343,27,3,1
15658057,EMR,Dell PowerEdge T30 Server,36,12,Female,2015,,1227,30,5,2
15569178,EMR-M,Dell PowerEdge T30 Server,36,12,Female,2016,,1445,36,3,1
15731478,EMR-M,Dell PowerEdge T30 Server,36,12,Male,2016,,1356,25,1,2
15811236,EMR-M,Dell PowerEdge T30 Server,36,24,Female,2017,,1658,30,0,0
15746749,EMR-M,Dell PowerEdge T30 Server,36,24,Male,2018,,1205,40,2,2
15662758,EMR-M,Dell PowerEdge T30 Server,36,0,Female,2018,,1530,32,0,0
15709387,EMR-M,Dell PowerEdge T30 Server,36,12,Male,2018,,1355,39,0,3
15713826,EUR,Dell PowerEdge T30 Server,36,1224,Female,2018,,1273,27,2,3
15570205,EUR,Dell PowerEdge T30 Server,36,36,Female,2017,,1551,27,4,3
15589348,EUR,Dell PowerEdge T30 Server,36,36,Female,2017,,1584,32,0,2
15804610,EUR,Dell PowerEdge T30 Server,36,24,Female,2015,,1256,27,1,0
15700854,EUR,Dell PowerEdge T30 Server,36,24,Male,2016,,1544,28,0,1
15758836,EUR,Dell PowerEdge T30 Server,36,12,Female,2016,,1617,27,3,0
15772933,SAR,Dell PowerEdge T30 Server,36,12,Female,2017,,1257,35,4,1
15809006,SAR,Dell PowerEdge T30 Server,36,24,Male,2018,,1259,26,4,3
15689612,SAR,Dell PowerEdge T30 Server,36,12,Female,2018,,1581,40,5,3
15704250,SEAR,Dell PowerEdge T30 Server,36,12,Female,2018,,1384,32,2,0
15700255,SEAR,Dell PowerEdge T30 Server,36,0,Male,2018,,1515,37,0,1
15669410,SEAR,Dell PowerEdge T30 Server,36,12,Female,2017,,1206,32,2,0
15807595,SEAR,Dell PowerEdge T30 Server,36,24,Male,2016,,1558,25,5,2
15664523,SEAR,Dell PowerEdge T30 Server,36,12,Female,2018,,1293,34,3,0
15605279,WPR,Dell PowerEdge T30 Server,36,24,Male,2017,,1551,40,3,1
15713644,WPR,Dell PowerEdge T30 Server,36,24,Female,2018,,1586,39,3,0
15750466,WPR,Dell PowerEdge T30 Server,36,24,Male,2016,,1295,38,2,0
15772892,AFR,Dell PowerEdge R440 Rack Server,36,36,Female,2014,,1300,26,3,0
15713843,AFR,Dell PowerEdge R440 Rack Server,36,0,Male,2015,,1325,35,1,3
15567993,AFR,Dell PowerEdge R440 Rack Server,36,0,Male,2016,,1350,34,4,2
15612771,AFR,Dell PowerEdge R440 Rack Server,36,12,Male,2017,,1375,34,5,0
15788483,AFR,Dell PowerEdge R440 Rack Server,36,12,Female,2017,,1375,25,4,3
15732832,AFR,Dell PowerEdge R440 Rack Server,36,24,Female,2017,,1375,26,1,1
15744983,AFR,Dell PowerEdge R440 Rack Server,36,0,Female,2018,,1380,40,3,1
